ApplicantIncome,CoapplicantIncome,LoanAmount,Loan_Amount_Term,Credit_History,Gender_Male,Married_Yes,Dependents_1,Dependents_2,Dependents_3+,Education_Not Graduate,Self_Employed_Yes,Property_Area_Semiurban,Property_Area_Urban,Loan_Status_Y
0.9278650446051414,-0.950456297189966,0.39366278619322626,0.0,0.0,0.473049916791266,-1.3169567191065923,-0.4224348215419492,-0.4548588261473421,-0.26521008924493966,-0.5089133578079825,-0.3541213482133634,-0.8116451025613649,1.5592859099663565,0.473049916791266
0.26029721606818956,0.14778835688826295,-0.016945250128025637,0.0,0.0,0.473049916791266,0.7593263966019993,2.3672290943011114,-0.4548588261473421,-0.26521008924493966,-0.5089133578079825,-0.3541213482133634,-0.8116451025613649,-0.6413192049055175,-2.1139418156609704
-0.5744262219839391,-0.950456297189966,-1.3996018891312578,0.0,0.0,0.473049916791266,0.7593263966019993,-0.4224348215419492,-0.4548588261473421,-0.26521008924493966,-0.5089133578079825,2.8238907511373337,-0.8116451025613649,1.5592859099663565,0.473049916791266
-0.7943123076868688,0.7668254629668403,-0.1953525583865072,0.0,0.0,0.473049916791266,0.7593263966019993,-0.4224348215419492,-0.4548588261473421,-0.26521008924493966,1.9649710204252657,-0.3541213482133634,-0.8116451025613649,1.5592859099663565,0.473049916791266
1.0074880636486483,-0.950456297189966,0.2729666257920069,0.0,0.0,0.473049916791266,-1.3169567191065923,-0.4224348215419492,-0.4548588261473421,-0.26521008924493966,-0.5089133578079825,-0.3541213482133634,-0.8116451025613649,1.5592859099663565,0.473049916791266
-0.926138498156251,0.15361458847488485,-0.7528753966942621,0.0,0.0,0.473049916791266,0.7593263966019993,-0.4224348215419492,-0.4548588261473421,-0.26521008924493966,1.9649710204252657,-0.3541213482133634,-0.8116451025613649,1.5592859099663565,0.473049916791266
-0.04395763153514476,0.16089737795816222,0.8750912911643822,0.0,0.0,0.473049916791266,0.7593263966019993,-0.4224348215419492,2.1984843263788196,-0.26521008924493966,-0.5089133578079825,-0.3541213482133634,-0.8116451025613649,1.5592859099663565,0.473049916791266
-0.46896526960843327,-0.4406610333605494,-1.3103982350020171,0.0,0.0,0.473049916791266,0.7593263966019993,-0.4224348215419492,2.1984843263788196,-0.26521008924493966,-0.5089133578079825,-0.3541213482133634,-0.8116451025613649,1.5592859099663565,0.473049916791266
-0.8380786029227036,0.389576967733072,-0.44066260724191936,0.0,0.0,0.473049916791266,0.7593263966019993,-0.4224348215419492,2.1984843263788196,-0.26521008924493966,-0.5089133578079825,-0.3541213482133634,-0.8116451025613649,1.5592859099663565,0.473049916791266
-1.179244783857465,1.11785591606081,-0.3291580395803684,0.0,0.0,0.473049916791266,-1.3169567191065923,-0.4224348215419492,-0.4548588261473421,-0.26521008924493966,-0.5089133578079825,-0.3541213482133634,-0.8116451025613649,-0.6413192049055175,-2.1139418156609704
0.45381806367724276,-0.950456297189966,-0.08384799072495623,0.0,0.0,0.473049916791266,-1.3169567191065923,-0.4224348215419492,-0.4548588261473421,-0.26521008924493966,-0.5089133578079825,-0.3541213482133634,-0.8116451025613649,1.5592859099663565,0.473049916791266
0.4205978636789584,-0.950456297189966,0.09455931753352534,0.0,0.0,0.473049916791266,0.7593263966019993,-0.4224348215419492,-0.4548588261473421,-0.26521008924493966,1.9649710204252657,-0.3541213482133634,-0.8116451025613649,-0.6413192049055175,-2.1139418156609704
2.884693015932652,-0.950456297189966,1.3880123024075168,0.0,0.0,0.473049916791266,0.7593263966019993,-0.4224348215419492,-0.4548588261473421,-0.26521008924493966,-0.5089133578079825,2.8238907511373337,1.2320655873413524,-0.6413192049055175,0.473049916791266
-0.6804144791213225,0.6903561733924277,-0.15075073132188682,0.0,0.0,0.473049916791266,0.7593263966019993,-0.4224348215419492,-0.4548588261473421,-0.26521008924493966,-0.5089133578079825,-0.3541213482133634,1.2320655873413524,-0.6413192049055175,0.473049916791266
0.07204941607791165,-0.19304619092911846,-0.4183616937096092,0.0,0.0,0.473049916791266,0.7593263966019993,-0.4224348215419492,2.1984843263788196,-0.26521008924493966,1.9649710204252657,-0.3541213482133634,-0.8116451025613649,1.5592859099663565,0.473049916791266
-1.3959670409891294,-0.950456297189966,-2.090930208632874,0.0,0.0,0.473049916791266,-1.3169567191065923,-0.4224348215419492,-0.4548588261473421,-0.26521008924493966,1.9649710204252657,-0.3541213482133634,-0.8116451025613649,1.5592859099663565,-2.1139418156609704
-0.17894765057579223,0.5665487521767123,-0.1953525583865072,0.0,0.0,-2.1139418156609704,-1.3169567191065923,-0.4224348215419492,2.1984843263788196,-0.26521008924493966,-0.5089133578079825,-0.3541213482133634,1.2320655873413524,-0.6413192049055175,0.473049916791266
-0.4863663267503917,-0.950456297189966,-1.2211945808727762,0.0,0.0,0.473049916791266,-1.3169567191065923,-0.4224348215419492,-0.4548588261473421,-0.26521008924493966,-0.5089133578079825,-0.3541213482133634,-0.8116451025613649,1.5592859099663565,-2.1139418156609704
0.31777343511284023,-0.950456297189966,-0.50756534783885,0.0,0.0,0.473049916791266,-1.3169567191065923,2.3672290943011114,-0.4548588261473421,-0.26521008924493966,-0.5089133578079825,2.8238907511373337,-0.8116451025613649,-0.6413192049055175,-2.1139418156609704
-0.3107738410451745,0.2635847096723733,-0.3291580395803684,0.0,0.0,0.473049916791266,0.7593263966019993,-0.4224348215419492,-0.4548588261473421,-0.26521008924493966,-0.5089133578079825,-0.3541213482133634,1.2320655873413524,-0.6413192049055175,0.473049916791266
-0.9567221743451477,0.5548962890034685,0.39366278619322626,0.0,0.0,0.473049916791266,0.7593263966019993,-0.4224348215419492,-0.4548588261473421,-0.26521008924493966,-0.5089133578079825,-0.3541213482133634,-0.8116451025613649,1.5592859099663565,0.473049916791266
-0.22271394581162715,0.11210268842020378,0.3398693663889375,0.0,0.0,-2.1139418156609704,0.7593263966019993,-0.4224348215419492,-0.4548588261473421,-0.26521008924493966,-0.5089133578079825,-0.3541213482133634,1.2320655873413524,-0.6413192049055175,0.473049916791266
-0.18000226009954728,0.264312988620701,-0.4183616937096092,0.0,0.0,0.473049916791266,-1.3169567191065923,-0.4224348215419492,-0.4548588261473421,-0.26521008924493966,1.9649710204252657,-0.3541213482133634,1.2320655873413524,-0.6413192049055175,0.473049916791266
-0.2580433648574216,-0.950456297189966,-1.087389099678915,0.0,0.0,0.473049916791266,-1.3169567191065923,-0.4224348215419492,-0.4548588261473421,-0.26521008924493966,-0.5089133578079825,-0.3541213482133634,-0.8116451025613649,1.5592859099663565,-2.1139418156609704
-1.207191936236974,-0.06705393286841978,-1.8233192462451515,0.0,0.0,0.473049916791266,-1.3169567191065923,-0.4224348215419492,-0.4548588261473421,-0.26521008924493966,-0.5089133578079825,-0.3541213482133634,-0.8116451025613649,1.5592859099663565,0.473049916791266
-0.07823244105718416,0.75080332610363,0.11686023106583554,0.0,0.0,0.473049916791266,0.7593263966019993,-0.4224348215419492,-0.4548588261473421,-0.26521008924493966,-0.5089133578079825,-0.3541213482133634,1.2320655873413524,-0.6413192049055175,0.473049916791266
0.8224040922296356,-0.950456297189966,-1.8902219868420822,0.0,0.0,0.473049916791266,0.7593263966019993,2.3672290943011114,-0.4548588261473421,-0.26521008924493966,-0.5089133578079825,-0.3541213482133634,-0.8116451025613649,1.5592859099663565,0.473049916791266
0.9131005112725706,-0.950456297189966,0.3398693663889375,0.0,0.0,0.473049916791266,0.7593263966019993,-0.4224348215419492,-0.4548588261473421,-0.26521008924493966,-0.5089133578079825,-0.3541213482133634,-0.8116451025613649,1.5592859099663565,0.473049916791266
-0.04712146010640994,0.706378310255638,0.3398693663889375,0.0,0.0,-2.1139418156609704,-1.3169567191065923,-0.4224348215419492,-0.4548588261473421,-0.26521008924493966,-0.5089133578079825,-0.3541213482133634,1.2320655873413524,-0.6413192049055175,0.473049916791266
-1.1396969267166503,0.2468342938608353,-0.6413708290327111,0.0,0.0,-2.1139418156609704,0.7593263966019993,-0.4224348215419492,-0.4548588261473421,-0.26521008924493966,1.9649710204252657,-0.3541213482133634,1.2320655873413524,-0.6413192049055175,0.473049916791266
-0.5290780124624715,-0.950456297189966,-0.1953525583865072,0.0,0.0,-2.1139418156609704,-1.3169567191065923,-0.4224348215419492,-0.4548588261473421,-0.26521008924493966,-0.5089133578079825,-0.3541213482133634,1.2320655873413524,-0.6413192049055175,0.473049916791266
0.07415863512542177,-0.950456297189966,-0.3737598666449888,0.0,0.0,-2.1139418156609704,-1.3169567191065923,-0.4224348215419492,-0.4548588261473421,-0.26521008924493966,-0.5089133578079825,-0.3541213482133634,1.2320655873413524,-0.6413192049055175,-2.1139418156609704
0.277698273210148,-0.950456297189966,0.11686023106583554,0.0,0.0,0.473049916791266,0.7593263966019993,-0.4224348215419492,2.1984843263788196,-0.26521008924493966,-0.5089133578079825,-0.3541213482133634,-0.8116451025613649,1.5592859099663565,-2.1139418156609704
-0.7283992124521775,-0.10055476449149572,-0.7082735696296417,0.0,0.0,0.473049916791266,0.7593263966019993,-0.4224348215419492,2.1984843263788196,-0.26521008924493966,-0.5089133578079825,-0.3541213482133634,1.2320655873413524,-0.6413192049055175,0.473049916791266
-1.0321267552936344,0.20823550959946519,-0.730574483161952,0.0,0.0,0.473049916791266,0.7593263966019993,-0.4224348215419492,-0.4548588261473421,-0.26521008924493966,-0.5089133578079825,-0.3541213482133634,1.2320655873413524,-0.6413192049055175,0.473049916791266
-0.38143267913676343,0.6517573891310576,0.13916114459814574,0.0,0.0,0.473049916791266,0.7593263966019993,-0.4224348215419492,-0.4548588261473421,-0.26521008924493966,-0.5089133578079825,-0.3541213482133634,-0.8116451025613649,-0.6413192049055175,-2.1139418156609704
2.104281968353909,0.6881713365474446,1.1427022535521045,0.0,0.0,0.473049916791266,0.7593263966019993,2.3672290943011114,-0.4548588261473421,-0.26521008924493966,-0.5089133578079825,-0.3541213482133634,-0.8116451025613649,1.5592859099663565,0.473049916791266
-0.3861784219936612,1.131693216079037,0.3398693663889375,0.0,0.0,0.473049916791266,0.7593263966019993,-0.4224348215419492,2.1984843263788196,-0.26521008924493966,1.9649710204252657,-0.3541213482133634,-0.8116451025613649,1.5592859099663565,0.473049916791266
-0.8380786029227036,1.8140905906621276,-0.1953525583865072,0.0,0.0,0.473049916791266,0.7593263966019993,-0.4224348215419492,-0.4548588261473421,-0.26521008924493966,-0.5089133578079825,-0.3541213482133634,-0.8116451025613649,1.5592859099663565,0.473049916791266
-0.5591343838894908,-0.950456297189966,-0.6636717425650214,0.0,0.0,0.473049916791266,0.7593263966019993,-0.4224348215419492,-0.4548588261473421,3.7705956166563164,-0.5089133578079825,-0.3541213482133634,-0.8116451025613649,1.5592859099663565,0.473049916791266
0.8630065588942054,2.39598547037599,2.8821735090722997,0.0,0.0,0.473049916791266,0.7593263966019993,-0.4224348215419492,-0.4548588261473421,-0.26521008924493966,-0.5089133578079825,-0.3541213482133634,1.2320655873413524,-0.6413192049055175,-2.1139418156609704
-0.464746831513413,1.2824469583828788,0.964294945293623,0.0,0.0,0.473049916791266,0.7593263966019993,-0.4224348215419492,-0.4548588261473421,-0.26521008924493966,-0.5089133578079825,-0.3541213482133634,-0.8116451025613649,1.5592859099663565,0.473049916791266
-1.1676440790961593,0.41506673092454277,-0.7082735696296417,0.0,0.0,0.473049916791266,0.7593263966019993,-0.4224348215419492,2.1984843263788196,-0.26521008924493966,1.9649710204252657,2.8238907511373337,1.2320655873413524,-0.6413192049055175,0.473049916791266
0.6204463684305419,0.34151055714344125,1.298808648278276,0.0,0.0,0.473049916791266,0.7593263966019993,-0.4224348215419492,-0.4548588261473421,3.7705956166563164,-0.5089133578079825,2.8238907511373337,1.2320655873413524,-0.6413192049055175,0.473049916791266
-0.17894765057579223,2.5088687073667897,1.0534985994228638,0.0,0.0,0.473049916791266,-1.3169567191065923,-0.4224348215419492,-0.4548588261473421,-0.26521008924493966,-0.5089133578079825,-0.3541213482133634,-0.8116451025613649,1.5592859099663565,-2.1139418156609704
-1.6290357457389975,1.2504026846564582,-0.4183616937096092,0.0,0.0,0.473049916791266,0.7593263966019993,2.3672290943011114,-0.4548588261473421,-0.26521008924493966,-0.5089133578079825,2.8238907511373337,-0.8116451025613649,1.5592859099663565,-2.1139418156609704
-0.1283263934355494,-0.950456297189966,-0.39606078017729895,0.0,0.0,-2.1139418156609704,-1.3169567191065923,-0.4224348215419492,-0.4548588261473421,-0.26521008924493966,-0.5089133578079825,-0.3541213482133634,1.2320655873413524,-0.6413192049055175,0.473049916791266
-0.8934456029198442,-0.950456297189966,0.39366278619322626,0.0,0.0,0.473049916791266,0.7593263966019993,2.3672290943011114,-0.4548588261473421,-0.26521008924493966,-0.5089133578079825,2.8238907511373337,1.2320655873413524,-0.6413192049055175,0.473049916791266
-1.4297145457492912,0.4194364046145092,0.852790377632072,0.0,0.0,-2.1139418156609704,0.7593263966019993,-0.4224348215419492,2.1984843263788196,-0.26521008924493966,-0.5089133578079825,-0.3541213482133634,-0.8116451025613649,1.5592859099663565,-2.1139418156609704
-0.9087374410142925,0.892817721027539,0.16146205813045594,0.0,0.0,0.473049916791266,-1.3169567191065923,-0.4224348215419492,-0.4548588261473421,-0.26521008924493966,-0.5089133578079825,-0.3541213482133634,1.2320655873413524,-0.6413192049055175,0.473049916791266
-0.8380786029227036,0.5920385153681831,-0.5521671749034703,0.0,0.0,0.473049916791266,0.7593263966019993,-0.4224348215419492,-0.4548588261473421,-0.26521008924493966,-0.5089133578079825,-0.3541213482133634,1.2320655873413524,-0.6413192049055175,0.473049916791266
2.360552082626388,-0.950456297189966,1.8117296595214105,0.0,0.0,0.473049916791266,-1.3169567191065923,-0.4224348215419492,-0.4548588261473421,-0.26521008924493966,-0.5089133578079825,-0.3541213482133634,-0.8116451025613649,1.5592859099663565,0.473049916791266
0.8466601112760019,2.0842820804917186,1.0311976858905536,0.0,0.0,0.473049916791266,0.7593263966019993,-0.4224348215419492,-0.4548588261473421,-0.26521008924493966,-0.5089133578079825,-0.3541213482133634,1.2320655873413524,-0.6413192049055175,0.473049916791266
-0.5965730219827953,1.1615526529604743,0.04995749046890495,0.0,0.0,0.473049916791266,0.7593263966019993,-0.4224348215419492,-0.4548588261473421,-0.26521008924493966,-0.5089133578079825,-0.3541213482133634,1.2320655873413524,-0.6413192049055175,0.473049916791266
-0.43047202199137363,0.3750113887665172,-1.0650881861466048,0.0,0.0,0.473049916791266,0.7593263966019993,-0.4224348215419492,2.1984843263788196,-0.26521008924493966,1.9649710204252657,-0.3541213482133634,-0.8116451025613649,1.5592859099663565,0.473049916791266
0.02301007322330144,-0.950456297189966,-0.15075073132188682,0.0,0.0,0.473049916791266,-1.3169567191065923,-0.4224348215419492,-0.4548588261473421,-0.26521008924493966,-0.5089133578079825,-0.3541213482133634,1.2320655873413524,-0.6413192049055175,0.473049916791266
-0.8465154791127442,0.7260418418604869,0.18376297166276612,0.0,0.0,-2.1139418156609704,0.7593263966019993,-0.4224348215419492,-0.4548588261473421,-0.26521008924493966,-0.5089133578079825,-0.3541213482133634,1.2320655873413524,-0.6413192049055175,0.473049916791266
-1.1138589933846514,-0.2243621857072112,-1.756416505648221,0.0,0.0,0.473049916791266,0.7593263966019993,-0.4224348215419492,-0.4548588261473421,-0.26521008924493966,-0.5089133578079825,-0.3541213482133634,1.2320655873413524,-0.6413192049055175,0.473049916791266
-1.2288114314739527,1.6283794588385545,0.04995749046890495,0.0,0.0,0.473049916791266,0.7593263966019993,-0.4224348215419492,-0.4548588261473421,-0.26521008924493966,-0.5089133578079825,-0.3541213482133634,1.2320655873413524,-0.6413192049055175,0.473049916791266
0.3973964541563471,1.821373380145405,0.4959757611151089,0.0,0.0,0.473049916791266,-1.3169567191065923,-0.4224348215419492,-0.4548588261473421,-0.26521008924493966,-0.5089133578079825,-0.3541213482133634,1.2320655873413524,-0.6413192049055175,0.473049916791266
0.29668124463773904,1.6589671746683194,0.39366278619322626,0.0,0.0,0.473049916791266,0.7593263966019993,-0.4224348215419492,-0.4548588261473421,-0.26521008924493966,-0.5089133578079825,-0.3541213482133634,1.2320655873413524,-0.6413192049055175,0.473049916791266
-0.1441455362918753,-0.40133397015085154,0.6966839829059006,0.0,0.0,0.473049916791266,0.7593263966019993,-0.4224348215419492,-0.4548588261473421,-0.26521008924493966,-0.5089133578079825,-0.3541213482133634,-0.8116451025613649,1.5592859099663565,0.473049916791266
-0.5470063743663076,-0.20032898041239583,-0.6413708290327111,0.0,0.0,0.473049916791266,0.7593263966019993,2.3672290943011114,-0.4548588261473421,-0.26521008924493966,-0.5089133578079825,-0.3541213482133634,-0.8116451025613649,1.5592859099663565,0.473049916791266
1.7103853112313947,-0.950456297189966,-0.1953525583865072,0.0,0.0,0.473049916791266,-1.3169567191065923,-0.4224348215419492,-0.4548588261473421,-0.26521008924493966,1.9649710204252657,-0.3541213482133634,-0.8116451025613649,-0.6413192049055175,-2.1139418156609704
0.6468116065244184,-0.950456297189966,0.16146205813045594,0.0,0.0,0.473049916791266,-1.3169567191065923,-0.4224348215419492,-0.4548588261473421,-0.26521008924493966,-0.5089133578079825,-0.3541213482133634,-0.8116451025613649,1.5592859099663565,0.473049916791266
-0.6118648600772436,0.7486184892586468,0.22836479872738652,0.0,0.0,-2.1139418156609704,0.7593263966019993,-0.4224348215419492,-0.4548588261473421,-0.26521008924493966,-0.5089133578079825,-0.3541213482133634,1.2320655873413524,-0.6413192049055175,0.473049916791266
1.7726072731329432,-0.950456297189966,0.39366278619322626,0.0,0.0,-2.1139418156609704,-1.3169567191065923,2.3672290943011114,-0.4548588261473421,-0.26521008924493966,-0.5089133578079825,2.8238907511373337,1.2320655873413524,-0.6413192049055175,0.473049916791266
0.5065485398649957,-0.950456297189966,-0.2399543854511276,0.0,0.0,0.473049916791266,-1.3169567191065923,-0.4224348215419492,-0.4548588261473421,-0.26521008924493966,-0.5089133578079825,-0.3541213482133634,1.2320655873413524,-0.6413192049055175,0.473049916791266
-0.4863663267503917,0.7122045418422599,0.5628785017120395,0.0,0.0,-2.1139418156609704,0.7593263966019993,-0.4224348215419492,-0.4548588261473421,-0.26521008924493966,-0.5089133578079825,-0.3541213482133634,1.2320655873413524,-0.6413192049055175,0.473049916791266
0.7796924065175558,0.6095172101280488,1.0311976858905536,0.0,0.0,0.473049916791266,0.7593263966019993,-0.4224348215419492,-0.4548588261473421,-0.26521008924493966,-0.5089133578079825,-0.3541213482133634,-0.8116451025613649,-0.6413192049055175,-2.1139418156609704
0.8318955779434312,0.9918636580001113,1.1427022535521045,0.0,0.0,0.473049916791266,0.7593263966019993,-0.4224348215419492,-0.4548588261473421,-0.26521008924493966,-0.5089133578079825,-0.3541213482133634,-0.8116451025613649,-0.6413192049055175,0.473049916791266
0.0404111303652599,-0.950456297189966,-1.8902219868420822,0.0,0.0,-2.1139418156609704,-1.3169567191065923,-0.4224348215419492,-0.4548588261473421,-0.26521008924493966,-0.5089133578079825,-0.3541213482133634,1.2320655873413524,-0.6413192049055175,0.473049916791266
-0.5971003267446728,-0.950456297189966,-1.0650881861466048,0.0,0.0,0.473049916791266,0.7593263966019993,-0.4224348215419492,2.1984843263788196,-0.26521008924493966,-0.5089133578079825,-0.3541213482133634,1.2320655873413524,-0.6413192049055175,0.473049916791266
0.1110699684568488,0.5162975047420983,1.4549150430044473,0.0,0.0,0.473049916791266,0.7593263966019993,-0.4224348215419492,-0.4548588261473421,-0.26521008924493966,1.9649710204252657,-0.3541213482133634,-0.8116451025613649,-0.6413192049055175,0.473049916791266
-0.11830760295987637,0.24392117806752436,0.39366278619322626,0.0,0.0,0.473049916791266,-1.3169567191065923,-0.4224348215419492,-0.4548588261473421,-0.26521008924493966,-0.5089133578079825,-0.3541213482133634,-0.8116451025613649,-0.6413192049055175,0.473049916791266
-1.094348717195183,0.45439379413424064,-1.2211945808727762,0.0,0.0,0.473049916791266,-1.3169567191065923,-0.4224348215419492,-0.4548588261473421,-0.26521008924493966,-0.5089133578079825,-0.3541213482133634,-0.8116451025613649,1.5592859099663565,0.473049916791266
-0.7231261648334023,-0.950456297189966,-1.3103982350020171,0.0,0.0,0.473049916791266,-1.3169567191065923,-0.4224348215419492,-0.4548588261473421,-0.26521008924493966,-0.5089133578079825,-0.3541213482133634,1.2320655873413524,-0.6413192049055175,0.473049916791266
0.42481630177397867,-0.950456297189966,-0.5967690019680908,0.0,0.0,0.473049916791266,-1.3169567191065923,-0.4224348215419492,-0.4548588261473421,-0.26521008924493966,-0.5089133578079825,-0.3541213482133634,1.2320655873413524,-0.6413192049055175,0.473049916791266
0.26029721606818956,-0.950456297189966,-0.9981854455496743,0.0,0.0,-2.1139418156609704,0.7593263966019993,-0.4224348215419492,-0.4548588261473421,-0.26521008924493966,-0.5089133578079825,-0.3541213482133634,-0.8116451025613649,-0.6413192049055175,-2.1139418156609704
-0.40779791723063985,1.5985200219571172,-0.9089817914204334,0.0,0.0,0.473049916791266,0.7593263966019993,-0.4224348215419492,2.1984843263788196,-0.26521008924493966,-0.5089133578079825,2.8238907511373337,-0.8116451025613649,1.5592859099663565,0.473049916791266
0.05833949226909589,0.09098259891869938,0.00535566340428456,0.0,0.0,0.473049916791266,0.7593263966019993,-0.4224348215419492,2.1984843263788196,-0.26521008924493966,1.9649710204252657,-0.3541213482133634,-0.8116451025613649,-0.6413192049055175,-2.1139418156609704
0.5023301017699754,0.5665487521767123,1.2542068212136555,0.0,0.0,0.473049916791266,0.7593263966019993,-0.4224348215419492,2.1984843263788196,-0.26521008924493966,-0.5089133578079825,-0.3541213482133634,-0.8116451025613649,-0.6413192049055175,-2.1139418156609704
0.7000693874740489,-0.950456297189966,0.8750912911643822,0.0,0.0,0.473049916791266,-1.3169567191065923,-0.4224348215419492,-0.4548588261473421,-0.26521008924493966,-0.5089133578079825,-0.3541213482133634,-0.8116451025613649,1.5592859099663565,0.473049916791266
-0.7336722600709529,0.5308630837086531,-0.15075073132188682,0.0,0.0,0.473049916791266,0.7593263966019993,-0.4224348215419492,-0.4548588261473421,-0.26521008924493966,-0.5089133578079825,-0.3541213482133634,1.2320655873413524,-0.6413192049055175,0.473049916791266
-0.9277204124418836,2.316603065008267,-0.6413708290327111,0.0,0.0,-2.1139418156609704,0.7593263966019993,-0.4224348215419492,-0.4548588261473421,-0.26521008924493966,-0.5089133578079825,-0.3541213482133634,1.2320655873413524,-0.6413192049055175,0.473049916791266
-1.3453457838488867,0.08734120417706069,-2.202434776294425,0.0,0.0,0.473049916791266,0.7593263966019993,2.3672290943011114,-0.4548588261473421,-0.26521008924493966,-0.5089133578079825,-0.3541213482133634,-0.8116451025613649,1.5592859099663565,0.473049916791266
3.1167071111587648,0.2628564307240456,2.1462433625060635,0.0,0.0,-2.1139418156609704,-1.3169567191065923,-0.4224348215419492,-0.4548588261473421,-0.26521008924493966,-0.5089133578079825,-0.3541213482133634,-0.8116451025613649,-0.6413192049055175,-2.1139418156609704
0.40636063510826514,-0.3459847700779434,-0.08384799072495623,0.0,0.0,0.473049916791266,0.7593263966019993,-0.4224348215419492,-0.4548588261473421,-0.26521008924493966,-0.5089133578079825,-0.3541213482133634,1.2320655873413524,-0.6413192049055175,0.473049916791266
-0.797476136258134,1.7805897590390518,0.5182766746474191,0.0,0.0,0.473049916791266,0.7593263966019993,-0.4224348215419492,-0.4548588261473421,-0.26521008924493966,-0.5089133578079825,2.8238907511373337,-0.8116451025613649,-0.6413192049055175,0.473049916791266
2.6769349397529054,-0.950456297189966,2.569960719619957,0.0,0.0,0.473049916791266,-1.3169567191065923,-0.4224348215419492,-0.4548588261473421,-0.26521008924493966,-0.5089133578079825,-0.3541213482133634,-0.8116451025613649,1.5592859099663565,-2.1139418156609704
-0.9535583457738825,-0.950456297189966,-0.3514589531126786,0.0,0.0,0.473049916791266,0.7593263966019993,-0.4224348215419492,2.1984843263788196,-0.26521008924493966,1.9649710204252657,-0.3541213482133634,-0.8116451025613649,-0.6413192049055175,-2.1139418156609704
-0.4404908124670467,-0.950456297189966,-1.756416505648221,0.0,0.0,0.473049916791266,-1.3169567191065923,-0.4224348215419492,-0.4548588261473421,-0.26521008924493966,-0.5089133578079825,-0.3541213482133634,-0.8116451025613649,1.5592859099663565,0.473049916791266
2.8730923111713467,-0.950456297189966,1.298808648278276,0.0,0.0,0.473049916791266,0.7593263966019993,2.3672290943011114,-0.4548588261473421,-0.26521008924493966,-0.5089133578079825,-0.3541213482133634,-0.8116451025613649,1.5592859099663565,0.473049916791266
-0.5849723172214897,0.5665487521767123,-0.1953525583865072,0.0,0.0,0.473049916791266,-1.3169567191065923,-0.4224348215419492,-0.4548588261473421,-0.26521008924493966,-0.5089133578079825,-0.3541213482133634,-0.8116451025613649,-0.6413192049055175,0.473049916791266
0.26029721606818956,3.1461127871535606,2.8152707684753695,0.0,0.0,0.473049916791266,0.7593263966019993,-0.4224348215419492,-0.4548588261473421,-0.26521008924493966,-0.5089133578079825,-0.3541213482133634,1.2320655873413524,-0.6413192049055175,0.473049916791266
-1.1739717362386897,-0.1923179119807907,-0.6859726560973315,0.0,0.0,0.473049916791266,0.7593263966019993,-0.4224348215419492,-0.4548588261473421,-0.26521008924493966,1.9649710204252657,-0.3541213482133634,1.2320655873413524,-0.6413192049055175,0.473049916791266
0.04093843512713743,0.10336334104027092,0.6520821558412803,0.0,0.0,0.473049916791266,0.7593263966019993,-0.4224348215419492,2.1984843263788196,-0.26521008924493966,-0.5089133578079825,-0.3541213482133634,-0.8116451025613649,-0.6413192049055175,0.473049916791266
0.26029721606818956,-0.950456297189966,-0.3737598666449888,0.0,0.0,-2.1139418156609704,0.7593263966019993,-0.4224348215419492,-0.4548588261473421,-0.26521008924493966,-0.5089133578079825,-0.3541213482133634,-0.8116451025613649,-0.6413192049055175,-2.1139418156609704
-0.8702441933972329,1.4768974375863848,0.00535566340428456,0.0,0.0,0.473049916791266,0.7593263966019993,-0.4224348215419492,-0.4548588261473421,-0.26521008924493966,-0.5089133578079825,-0.3541213482133634,-0.8116451025613649,-0.6413192049055175,0.473049916791266
2.0620975874037066,-0.950456297189966,1.5887205241983084,0.0,0.0,0.473049916791266,0.7593263966019993,-0.4224348215419492,2.1984843263788196,-0.26521008924493966,-0.5089133578079825,-0.3541213482133634,1.2320655873413524,-0.6413192049055175,0.473049916791266
-1.1966458409994234,0.3378691624018026,-0.7528753966942621,0.0,0.0,0.473049916791266,0.7593263966019993,-0.4224348215419492,-0.4548588261473421,-0.26521008924493966,1.9649710204252657,-0.3541213482133634,-0.8116451025613649,-0.6413192049055175,0.473049916791266
0.8535150731804099,3.1461127871535606,1.298808648278276,0.0,0.0,0.473049916791266,0.7593263966019993,-0.4224348215419492,-0.4548588261473421,-0.26521008924493966,-0.5089133578079825,-0.3541213482133634,1.2320655873413524,-0.6413192049055175,0.473049916791266
0.1342713779794601,-0.4144429912207508,-0.9312827049527437,0.0,0.0,0.473049916791266,0.7593263966019993,-0.4224348215419492,-0.4548588261473421,-0.26521008924493966,1.9649710204252657,2.8238907511373337,1.2320655873413524,-0.6413192049055175,-2.1139418156609704
-0.3123557553308071,0.4798835573257115,-0.284556212515748,0.0,0.0,0.473049916791266,0.7593263966019993,-0.4224348215419492,-0.4548588261473421,-0.26521008924493966,-0.5089133578079825,-0.3541213482133634,-0.8116451025613649,-0.6413192049055175,0.473049916791266
-1.0780022695769793,0.22862732015264187,-0.6190699155004009,0.0,0.0,0.473049916791266,0.7593263966019993,-0.4224348215419492,2.1984843263788196,-0.26521008924493966,-0.5089133578079825,-0.3541213482133634,-0.8116451025613649,-0.6413192049055175,0.473049916791266
-0.17894765057579223,-0.950456297189966,-0.284556212515748,0.0,0.0,0.473049916791266,0.7593263966019993,2.3672290943011114,-0.4548588261473421,-0.26521008924493966,-0.5089133578079825,-0.3541213482133634,1.2320655873413524,-0.6413192049055175,0.473049916791266
-0.24486074581048337,-0.950456297189966,-0.4629635207742296,0.0,0.0,-2.1139418156609704,0.7593263966019993,-0.4224348215419492,-0.4548588261473421,-0.26521008924493966,-0.5089133578079825,-0.3541213482133634,1.2320655873413524,-0.6413192049055175,0.473049916791266
-1.800937098111072,2.9065090131537348,0.8750912911643822,0.0,0.0,0.473049916791266,0.7593263966019993,-0.4224348215419492,-0.4548588261473421,-0.26521008924493966,-0.5089133578079825,2.8238907511373337,-0.8116451025613649,-0.6413192049055175,0.473049916791266
0.4195432541552033,-0.950456297189966,-1.8010183327128413,0.0,0.0,0.473049916791266,-1.3169567191065923,-0.4224348215419492,-0.4548588261473421,-0.26521008924493966,1.9649710204252657,-0.3541213482133634,-0.8116451025613649,-0.6413192049055175,0.473049916791266
1.0248891207906068,-0.950456297189966,0.6966839829059006,0.0,0.0,0.473049916791266,0.7593263966019993,-0.4224348215419492,-0.4548588261473421,-0.26521008924493966,1.9649710204252657,-0.3541213482133634,-0.8116451025613649,1.5592859099663565,-2.1139418156609704
-0.12199873629301908,-0.950456297189966,-1.1765927538081558,0.0,0.0,0.473049916791266,-1.3169567191065923,-0.4224348215419492,-0.4548588261473421,-0.26521008924493966,-0.5089133578079825,-0.3541213482133634,1.2320655873413524,-0.6413192049055175,0.473049916791266
0.053593749412198126,-0.950456297189966,-0.1953525583865072,0.0,0.0,0.473049916791266,-1.3169567191065923,-0.4224348215419492,-0.4548588261473421,-0.26521008924493966,-0.5089133578079825,-0.3541213482133634,-0.8116451025613649,-0.6413192049055175,0.473049916791266
-0.508513126749248,0.9306882263405813,0.9196931182290026,0.0,0.0,0.473049916791266,0.7593263966019993,2.3672290943011114,-0.4548588261473421,-0.26521008924493966,-0.5089133578079825,-0.3541213482133634,1.2320655873413524,-0.6413192049055175,-2.1139418156609704
2.237690073108924,1.7805897590390518,1.298808648278276,0.0,0.0,0.473049916791266,-1.3169567191065923,-0.4224348215419492,-0.4548588261473421,-0.26521008924493966,-0.5089133578079825,-0.3541213482133634,-0.8116451025613649,-0.6413192049055175,0.473049916791266
-0.7853481267349507,0.8702410736293791,-0.8643799643558131,0.0,0.0,0.473049916791266,0.7593263966019993,2.3672290943011114,-0.4548588261473421,-0.26521008924493966,1.9649710204252657,-0.3541213482133634,1.2320655873413524,-0.6413192049055175,0.473049916791266
-0.3107738410451745,-0.1617301961510257,0.13916114459814574,0.0,0.0,0.473049916791266,0.7593263966019993,2.3672290943011114,-0.4548588261473421,-0.26521008924493966,1.9649710204252657,-0.3541213482133634,-0.8116451025613649,1.5592859099663565,0.473049916791266
-0.09088775534224486,-0.950456297189966,-0.10614890425726642,0.0,0.0,0.473049916791266,0.7593263966019993,-0.4224348215419492,2.1984843263788196,-0.26521008924493966,1.9649710204252657,-0.3541213482133634,1.2320655873413524,-0.6413192049055175,0.473049916791266
0.16801888273962196,-0.950456297189966,-0.1953525583865072,0.0,0.0,-2.1139418156609704,-1.3169567191065923,-0.4224348215419492,-0.4548588261473421,-0.26521008924493966,1.9649710204252657,-0.3541213482133634,1.2320655873413524,-0.6413192049055175,0.473049916791266
-0.445763860085822,-0.950456297189966,-1.087389099678915,0.0,0.0,-2.1139418156609704,-1.3169567191065923,-0.4224348215419492,-0.4548588261473421,-0.26521008924493966,-0.5089133578079825,-0.3541213482133634,-0.8116451025613649,1.5592859099663565,0.473049916791266
-0.060304079153348164,0.892817721027539,-1.64491193798667,0.0,0.0,0.473049916791266,-1.3169567191065923,-0.4224348215419492,-0.4548588261473421,-0.26521008924493966,1.9649710204252657,-0.3541213482133634,-0.8116451025613649,-0.6413192049055175,0.473049916791266
-0.8491520029221318,-0.950456297189966,-1.5557082838574292,0.0,0.0,0.473049916791266,-1.3169567191065923,-0.4224348215419492,-0.4548588261473421,-0.26521008924493966,-0.5089133578079825,-0.3541213482133634,-0.8116451025613649,1.5592859099663565,0.473049916791266
-0.3540128315191319,-0.950456297189966,-0.039246163660335835,0.0,0.0,0.473049916791266,-1.3169567191065923,-0.4224348215419492,-0.4548588261473421,-0.26521008924493966,-0.5089133578079825,-0.3541213482133634,1.2320655873413524,-0.6413192049055175,-2.1139418156609704
3.1167071111587648,-0.950456297189966,1.9009333136506512,0.0,0.0,-2.1139418156609704,-1.3169567191065923,-0.4224348215419492,-0.4548588261473421,-0.26521008924493966,-0.5089133578079825,-0.3541213482133634,1.2320655873413524,-0.6413192049055175,-2.1139418156609704
1.949781673123793,-0.950456297189966,2.4807570654907165,0.0,0.0,0.473049916791266,0.7593263966019993,2.3672290943011114,-0.4548588261473421,-0.26521008924493966,-0.5089133578079825,2.8238907511373337,-0.8116451025613649,1.5592859099663565,0.473049916791266
0.8508785493710221,-0.950456297189966,0.027656576936594755,0.0,0.0,0.473049916791266,0.7593263966019993,-0.4224348215419492,-0.4548588261473421,3.7705956166563164,1.9649710204252657,2.8238907511373337,-0.8116451025613649,-0.6413192049055175,0.473049916791266
-0.4832024981791265,1.2496744057081306,0.18376297166276612,0.0,0.0,0.473049916791266,0.7593263966019993,-0.4224348215419492,-0.4548588261473421,-0.26521008924493966,-0.5089133578079825,-0.3541213482133634,-0.8116451025613649,1.5592859099663565,0.473049916791266
-0.1262171743880393,-0.2345580909837995,-0.6413708290327111,0.0,0.0,0.473049916791266,0.7593263966019993,-0.4224348215419492,-0.4548588261473421,3.7705956166563164,1.9649710204252657,-0.3541213482133634,1.2320655873413524,-0.6413192049055175,0.473049916791266
-2.077244793334897,0.36044580979996244,0.13916114459814574,0.0,0.0,0.473049916791266,0.7593263966019993,-0.4224348215419492,-0.4548588261473421,-0.26521008924493966,-0.5089133578079825,-0.3541213482133634,-0.8116451025613649,-0.6413192049055175,-2.1139418156609704
-0.1910756600989754,0.34223883609176897,0.04995749046890495,0.0,0.0,0.473049916791266,0.7593263966019993,-0.4224348215419492,-0.4548588261473421,-0.26521008924493966,-0.5089133578079825,-0.3541213482133634,1.2320655873413524,-0.6413192049055175,0.473049916791266
-0.042375717249512175,0.29999865708876017,-0.284556212515748,0.0,0.0,0.473049916791266,0.7593263966019993,-0.4224348215419492,2.1984843263788196,-0.26521008924493966,-0.5089133578079825,-0.3541213482133634,1.2320655873413524,-0.6413192049055175,0.473049916791266
-0.5897180600783875,1.0821702475927508,0.3398693663889375,0.0,0.0,0.473049916791266,-1.3169567191065923,-0.4224348215419492,-0.4548588261473421,-0.26521008924493966,-0.5089133578079825,-0.3541213482133634,1.2320655873413524,-0.6413192049055175,0.473049916791266
1.1393142541180306,-0.950456297189966,-0.016945250128025637,0.0,0.0,0.473049916791266,0.7593263966019993,-0.4224348215419492,-0.4548588261473421,-0.26521008924493966,-0.5089133578079825,-0.3541213482133634,1.2320655873413524,-0.6413192049055175,0.473049916791266
-0.4426000315145568,-0.950456297189966,0.9196931182290026,0.0,0.0,0.473049916791266,0.7593263966019993,-0.4224348215419492,-0.4548588261473421,-0.26521008924493966,-0.5089133578079825,-0.3541213482133634,-0.8116451025613649,-0.6413192049055175,-2.1139418156609704
0.34044753987357396,-0.950456297189966,0.20606388519507632,0.0,0.0,0.473049916791266,0.7593263966019993,-0.4224348215419492,-0.4548588261473421,-0.26521008924493966,1.9649710204252657,2.8238907511373337,-0.8116451025613649,1.5592859099663565,-2.1139418156609704
1.1393142541180306,0.28397652022555,1.8117296595214105,0.0,0.0,0.473049916791266,0.7593263966019993,-0.4224348215419492,2.1984843263788196,-0.26521008924493966,-0.5089133578079825,-0.3541213482133634,1.2320655873413524,-0.6413192049055175,0.473049916791266
1.21840996839966,-0.950456297189966,1.5887205241983084,0.0,0.0,0.473049916791266,-1.3169567191065923,-0.4224348215419492,-0.4548588261473421,-0.26521008924493966,-0.5089133578079825,2.8238907511373337,-0.8116451025613649,-0.6413192049055175,0.473049916791266
-0.8428243457796014,0.545428662675208,-0.5521671749034703,0.0,0.0,0.473049916791266,0.7593263966019993,2.3672290943011114,-0.4548588261473421,-0.26521008924493966,-0.5089133578079825,-0.3541213482133634,1.2320655873413524,-0.6413192049055175,0.473049916791266
-0.49269398389292207,0.34515195188507997,0.2506657122596967,0.0,0.0,0.473049916791266,0.7593263966019993,2.3672290943011114,-0.4548588261473421,-0.26521008924493966,-0.5089133578079825,-0.3541213482133634,1.2320655873413524,-0.6413192049055175,0.473049916791266
0.7438356827098838,-0.03282482229701609,0.9196931182290026,0.0,0.0,0.473049916791266,0.7593263966019993,2.3672290943011114,-0.4548588261473421,-0.26521008924493966,-0.5089133578079825,-0.3541213482133634,-0.8116451025613649,-0.6413192049055175,0.473049916791266
-0.14625475533938542,-0.950456297189966,-0.3737598666449888,0.0,0.0,-2.1139418156609704,-1.3169567191065923,2.3672290943011114,-0.4548588261473421,-0.26521008924493966,-0.5089133578079825,-0.3541213482133634,-0.8116451025613649,-0.6413192049055175,0.473049916791266
-0.4083252219925174,-0.950456297189966,-0.730574483161952,0.0,0.0,0.473049916791266,0.7593263966019993,2.3672290943011114,-0.4548588261473421,-0.26521008924493966,-0.5089133578079825,-0.3541213482133634,1.2320655873413524,-0.6413192049055175,0.473049916791266
0.9120459017488156,2.690938444448724,-0.1953525583865072,0.0,0.0,0.473049916791266,0.7593263966019993,-0.4224348215419492,2.1984843263788196,-0.26521008924493966,-0.5089133578079825,-0.3541213482133634,-0.8116451025613649,-0.6413192049055175,0.473049916791266
1.1393142541180306,-0.0036936643639065665,-0.4629635207742296,0.0,0.0,0.473049916791266,0.7593263966019993,-0.4224348215419492,2.1984843263788196,-0.26521008924493966,-0.5089133578079825,2.8238907511373337,-0.8116451025613649,-0.6413192049055175,0.473049916791266
-0.36034048866166224,2.266351817573653,-0.12844981778957662,0.0,0.0,0.473049916791266,0.7593263966019993,-0.4224348215419492,-0.4548588261473421,-0.26521008924493966,1.9649710204252657,-0.3541213482133634,1.2320655873413524,-0.6413192049055175,0.473049916791266
2.960097596881139,-0.950456297189966,-0.3737598666449888,0.0,0.0,0.473049916791266,0.7593263966019993,-0.4224348215419492,2.1984843263788196,-0.26521008924493966,-0.5089133578079825,-0.3541213482133634,-0.8116451025613649,1.5592859099663565,0.473049916791266
-1.2024461933800763,0.4099687782862486,-0.8643799643558131,0.0,0.0,0.473049916791266,0.7593263966019993,-0.4224348215419492,-0.4548588261473421,-0.26521008924493966,-0.5089133578079825,-0.3541213482133634,-0.8116451025613649,1.5592859099663565,0.473049916791266
-0.34926708866223416,-0.950456297189966,0.20606388519507632,0.0,0.0,-2.1139418156609704,-1.3169567191065923,-0.4224348215419492,2.1984843263788196,-0.26521008924493966,-0.5089133578079825,-0.3541213482133634,-0.8116451025613649,1.5592859099663565,-2.1139418156609704
-0.7943123076868688,0.6277241838362423,-0.5521671749034703,0.0,0.0,0.473049916791266,-1.3169567191065923,-0.4224348215419492,-0.4548588261473421,-0.26521008924493966,1.9649710204252657,2.8238907511373337,-0.8116451025613649,-0.6413192049055175,0.473049916791266
-0.5306599267481041,-0.950456297189966,2.8152707684753695,0.0,0.0,-2.1139418156609704,-1.3169567191065923,-0.4224348215419492,-0.4548588261473421,3.7705956166563164,-0.5089133578079825,-0.3541213482133634,-0.8116451025613649,-0.6413192049055175,0.473049916791266
0.6120094922405015,-0.950456297189966,-0.7751763102265723,0.0,0.0,0.473049916791266,0.7593263966019993,-0.4224348215419492,-0.4548588261473421,3.7705956166563164,-0.5089133578079825,-0.3541213482133634,-0.8116451025613649,1.5592859099663565,-2.1139418156609704
-1.0700926981488166,0.6583118996660073,0.11686023106583554,0.0,0.0,0.473049916791266,-1.3169567191065923,-0.4224348215419492,-0.4548588261473421,-0.26521008924493966,-0.5089133578079825,-0.3541213482133634,1.2320655873413524,-0.6413192049055175,0.473049916791266
1.6402537779016833,-0.950456297189966,-0.1953525583865072,0.0,0.0,-2.1139418156609704,-1.3169567191065923,-0.4224348215419492,-0.4548588261473421,-0.26521008924493966,-0.5089133578079825,-0.3541213482133634,-0.8116451025613649,-0.6413192049055175,0.473049916791266
0.5677158922427891,-0.950456297189966,-0.016945250128025637,0.0,0.0,0.473049916791266,-1.3169567191065923,-0.4224348215419492,-0.4548588261473421,-0.26521008924493966,-0.5089133578079825,2.8238907511373337,1.2320655873413524,-0.6413192049055175,0.473049916791266
0.0029724922719553313,1.5599212376957472,0.4959757611151089,0.0,0.0,0.473049916791266,-1.3169567191065923,-0.4224348215419492,-0.4548588261473421,-0.26521008924493966,-0.5089133578079825,-0.3541213482133634,-0.8116451025613649,-0.6413192049055175,0.473049916791266
0.3262103113028807,0.05966660414060664,0.4736748475827987,0.0,0.0,0.473049916791266,0.7593263966019993,-0.4224348215419492,2.1984843263788196,-0.26521008924493966,-0.5089133578079825,-0.3541213482133634,1.2320655873413524,-0.6413192049055175,0.473049916791266
-0.3540128315191319,-0.950456297189966,0.13916114459814574,0.0,0.0,-2.1139418156609704,-1.3169567191065923,-0.4224348215419492,-0.4548588261473421,-0.26521008924493966,-0.5089133578079825,-0.3541213482133634,-0.8116451025613649,-0.6413192049055175,-2.1139418156609704
-0.6398120124567527,0.1856588622013053,-0.8643799643558131,0.0,0.0,-2.1139418156609704,-1.3169567191065923,2.3672290943011114,-0.4548588261473421,-0.26521008924493966,-0.5089133578079825,-0.3541213482133634,-0.8116451025613649,1.5592859099663565,0.473049916791266
-0.44945499341896467,-0.950456297189966,-2.202434776294425,0.0,0.0,-2.1139418156609704,-1.3169567191065923,-0.4224348215419492,-0.4548588261473421,-0.26521008924493966,-0.5089133578079825,-0.3541213482133634,-0.8116451025613649,1.5592859099663565,0.473049916791266
-0.6624861172174864,0.4019577098546435,-0.06154707719264603,0.0,0.0,0.473049916791266,-1.3169567191065923,-0.4224348215419492,-0.4548588261473421,-0.26521008924493966,-0.5089133578079825,-0.3541213482133634,-0.8116451025613649,-0.6413192049055175,0.473049916791266
-0.7748020314974001,0.6685078049425957,0.4736748475827987,0.0,0.0,0.473049916791266,0.7593263966019993,-0.4224348215419492,-0.4548588261473421,-0.26521008924493966,-0.5089133578079825,-0.3541213482133634,1.2320655873413524,-0.6413192049055175,0.473049916791266
-0.09985193629416285,-0.950456297189966,-0.8643799643558131,0.0,0.0,0.473049916791266,0.7593263966019993,-0.4224348215419492,2.1984843263788196,-0.26521008924493966,-0.5089133578079825,-0.3541213482133634,1.2320655873413524,-0.6413192049055175,0.473049916791266
-0.7062524124533214,0.39103352562972743,-0.3068571260480582,0.0,0.0,0.473049916791266,0.7593263966019993,2.3672290943011114,-0.4548588261473421,-0.26521008924493966,-0.5089133578079825,-0.3541213482133634,1.2320655873413524,-0.6413192049055175,0.473049916791266
-0.05081259343955264,1.4339289796350483,1.7448269189244798,0.0,0.0,0.473049916791266,0.7593263966019993,-0.4224348215419492,-0.4548588261473421,-0.26521008924493966,-0.5089133578079825,-0.3541213482133634,1.2320655873413524,-0.6413192049055175,0.473049916791266
-0.5201138315105536,-0.0036936643639065665,-1.087389099678915,0.0,0.0,0.473049916791266,0.7593263966019993,-0.4224348215419492,-0.4548588261473421,-0.26521008924493966,-0.5089133578079825,-0.3541213482133634,-0.8116451025613649,1.5592859099663565,0.473049916791266
-0.08561470772346956,-0.3678331385277756,-0.3737598666449888,0.0,0.0,0.473049916791266,0.7593263966019993,-0.4224348215419492,-0.4548588261473421,-0.26521008924493966,-0.5089133578079825,-0.3541213482133634,1.2320655873413524,-0.6413192049055175,0.473049916791266
-1.2013915838563212,0.2628564307240456,-1.6672128515189801,0.0,0.0,-2.1139418156609704,-1.3169567191065923,-0.4224348215419492,-0.4548588261473421,-0.26521008924493966,-0.5089133578079825,-0.3541213482133634,-0.8116451025613649,1.5592859099663565,0.473049916791266
-0.4911120696072895,1.272979332054618,-0.8866808778881233,0.0,0.0,0.473049916791266,-1.3169567191065923,-0.4224348215419492,-0.4548588261473421,-0.26521008924493966,-0.5089133578079825,-0.3541213482133634,-0.8116451025613649,-0.6413192049055175,0.473049916791266
-0.20320366962215855,0.50610159946551,-0.1953525583865072,0.0,0.0,0.473049916791266,0.7593263966019993,-0.4224348215419492,-0.4548588261473421,-0.26521008924493966,-0.5089133578079825,-0.3541213482133634,-0.8116451025613649,-0.6413192049055175,0.473049916791266
0.018264330366403677,-0.950456297189966,-0.3068571260480582,0.0,0.0,-2.1139418156609704,-1.3169567191065923,-0.4224348215419492,-0.4548588261473421,-0.26521008924493966,-0.5089133578079825,-0.3541213482133634,1.2320655873413524,-0.6413192049055175,0.473049916791266
2.8572731683150208,-0.950456297189966,1.298808648278276,0.0,0.0,0.473049916791266,-1.3169567191065923,-0.4224348215419492,-0.4548588261473421,-0.26521008924493966,-0.5089133578079825,-0.3541213482133634,-0.8116451025613649,-0.6413192049055175,0.473049916791266
-0.5348783648431243,0.8090656419698491,0.22836479872738652,0.0,0.0,0.473049916791266,0.7593263966019993,-0.4224348215419492,-0.4548588261473421,-0.26521008924493966,-0.5089133578079825,-0.3541213482133634,-0.8116451025613649,-0.6413192049055175,0.473049916791266
-0.4937485934166771,0.1856588622013053,0.11686023106583554,0.0,0.0,0.473049916791266,0.7593263966019993,-0.4224348215419492,2.1984843263788196,-0.26521008924493966,-0.5089133578079825,-0.3541213482133634,-0.8116451025613649,1.5592859099663565,0.473049916791266
-0.8997732600623746,1.4776257165347126,0.964294945293623,0.0,0.0,0.473049916791266,0.7593263966019993,-0.4224348215419492,-0.4548588261473421,-0.26521008924493966,-0.5089133578079825,-0.3541213482133634,1.2320655873413524,-0.6413192049055175,0.473049916791266
0.1722373208346422,-0.04010761178029347,-0.4183616937096092,0.0,0.0,0.473049916791266,0.7593263966019993,-0.4224348215419492,-0.4548588261473421,3.7705956166563164,-0.5089133578079825,-0.3541213482133634,-0.8116451025613649,1.5592859099663565,0.473049916791266
1.4688797302914864,-0.950456297189966,1.5887205241983084,0.0,0.0,0.473049916791266,0.7593263966019993,2.3672290943011114,-0.4548588261473421,-0.26521008924493966,-0.5089133578079825,-0.3541213482133634,1.2320655873413524,-0.6413192049055175,0.473049916791266
0.3040635113040245,-0.950456297189966,0.13916114459814574,0.0,0.0,-2.1139418156609704,0.7593263966019993,2.3672290943011114,-0.4548588261473421,-0.26521008924493966,-0.5089133578079825,-0.3541213482133634,-0.8116451025613649,1.5592859099663565,0.473049916791266
-1.094348717195183,1.1797596266686676,-0.3514589531126786,0.0,0.0,0.473049916791266,0.7593263966019993,2.3672290943011114,-0.4548588261473421,-0.26521008924493966,-0.5089133578079825,-0.3541213482133634,-0.8116451025613649,1.5592859099663565,-2.1139418156609704
-0.6403393172186302,0.32403186238357556,-0.5298662613711601,0.0,0.0,0.473049916791266,0.7593263966019993,-0.4224348215419492,-0.4548588261473421,-0.26521008924493966,1.9649710204252657,-0.3541213482133634,1.2320655873413524,-0.6413192049055175,0.473049916791266
0.48018330177111923,-0.950456297189966,0.07225840400121515,0.0,0.0,-2.1139418156609704,-1.3169567191065923,-0.4224348215419492,-0.4548588261473421,-0.26521008924493966,-0.5089133578079825,-0.3541213482133634,-0.8116451025613649,-0.6413192049055175,0.473049916791266
-1.2994702695655416,0.36263064664494565,-0.730574483161952,0.0,0.0,0.473049916791266,0.7593263966019993,2.3672290943011114,-0.4548588261473421,-0.26521008924493966,-0.5089133578079825,-0.3541213482133634,-0.8116451025613649,1.5592859099663565,0.473049916791266
-0.04712146010640994,0.8702410736293791,0.2506657122596967,0.0,0.0,0.473049916791266,-1.3169567191065923,-0.4224348215419492,-0.4548588261473421,-0.26521008924493966,-0.5089133578079825,-0.3541213482133634,-0.8116451025613649,-0.6413192049055175,0.473049916791266
-1.1017309838614682,-0.950456297189966,0.39366278619322626,0.0,0.0,0.473049916791266,-1.3169567191065923,-0.4224348215419492,-0.4548588261473421,-0.26521008924493966,1.9649710204252657,-0.3541213482133634,-0.8116451025613649,1.5592859099663565,-2.1139418156609704
-0.17261999343326187,0.2628564307240456,0.13916114459814574,0.0,0.0,-2.1139418156609704,-1.3169567191065923,-0.4224348215419492,-0.4548588261473421,-0.26521008924493966,-0.5089133578079825,-0.3541213482133634,-0.8116451025613649,-0.6413192049055175,0.473049916791266
-0.618192517219774,-0.950456297189966,-0.9981854455496743,0.0,0.0,-2.1139418156609704,-1.3169567191065923,-0.4224348215419492,-0.4548588261473421,-0.26521008924493966,-0.5089133578079825,-0.3541213482133634,1.2320655873413524,-0.6413192049055175,0.473049916791266
-0.6129194696009987,0.8010545735382439,-0.39606078017729895,0.0,0.0,0.473049916791266,-1.3169567191065923,-0.4224348215419492,-0.4548588261473421,-0.26521008924493966,1.9649710204252657,-0.3541213482133634,1.2320655873413524,-0.6413192049055175,0.473049916791266
-0.8343874695895609,-0.950456297189966,-1.6226110244543597,0.0,0.0,-2.1139418156609704,-1.3169567191065923,-0.4224348215419492,-0.4548588261473421,-0.26521008924493966,-0.5089133578079825,-0.3541213482133634,-0.8116451025613649,-0.6413192049055175,0.473049916791266
-0.852315831493397,0.3917618045780552,0.6743830693735905,0.0,0.0,0.473049916791266,0.7593263966019993,-0.4224348215419492,-0.4548588261473421,-0.26521008924493966,-0.5089133578079825,-0.3541213482133634,-0.8116451025613649,-0.6413192049055175,-2.1139418156609704
-0.19634870771775068,-0.950456297189966,-0.1953525583865072,0.0,0.0,0.473049916791266,0.7593263966019993,-0.4224348215419492,2.1984843263788196,-0.26521008924493966,-0.5089133578079825,-0.3541213482133634,1.2320655873413524,-0.6413192049055175,0.473049916791266
3.1167071111587648,-0.950456297189966,0.5851794152443497,0.0,0.0,0.473049916791266,0.7593263966019993,2.3672290943011114,-0.4548588261473421,-0.26521008924493966,-0.5089133578079825,2.8238907511373337,-0.8116451025613649,-0.6413192049055175,-2.1139418156609704
-0.8908090791104566,0.6277241838362423,-0.3068571260480582,0.0,0.0,0.473049916791266,0.7593263966019993,-0.4224348215419492,-0.4548588261473421,-0.26521008924493966,-0.5089133578079825,-0.3541213482133634,1.2320655873413524,-0.6413192049055175,0.473049916791266
0.13321676845570504,-0.8128115759560235,-0.10614890425726642,0.0,0.0,0.473049916791266,0.7593263966019993,-0.4224348215419492,-0.4548588261473421,3.7705956166563164,-0.5089133578079825,-0.3541213482133634,1.2320655873413524,-0.6413192049055175,0.473049916791266
-0.25751606009554406,0.20750723065113746,0.39366278619322626,0.0,0.0,0.473049916791266,0.7593263966019993,-0.4224348215419492,2.1984843263788196,-0.26521008924493966,1.9649710204252657,-0.3541213482133634,-0.8116451025613649,-0.6413192049055175,0.473049916791266
0.911518596986938,0.6226262311979481,1.2319059076813454,0.0,0.0,0.473049916791266,0.7593263966019993,-0.4224348215419492,-0.4548588261473421,-0.26521008924493966,-0.5089133578079825,2.8238907511373337,1.2320655873413524,-0.6413192049055175,0.473049916791266
0.12847102559880727,0.8345554051613199,-0.4183616937096092,0.0,0.0,-2.1139418156609704,0.7593263966019993,-0.4224348215419492,-0.4548588261473421,-0.26521008924493966,-0.5089133578079825,-0.3541213482133634,-0.8116451025613649,1.5592859099663565,-2.1139418156609704
-0.8380786029227036,-0.950456297189966,-1.3773009755989476,0.0,0.0,-2.1139418156609704,-1.3169567191065923,-0.4224348215419492,-0.4548588261473421,-0.26521008924493966,-0.5089133578079825,-0.3541213482133634,-0.8116451025613649,1.5592859099663565,0.473049916791266
0.15536356845456126,0.3553478571616683,-0.2622552989834378,0.0,0.0,0.473049916791266,-1.3169567191065923,2.3672290943011114,-0.4548588261473421,-0.26521008924493966,-0.5089133578079825,-0.3541213482133634,-0.8116451025613649,1.5592859099663565,0.473049916791266
-0.6087010315059784,-0.950456297189966,-0.6859726560973315,0.0,0.0,0.473049916791266,-1.3169567191065923,-0.4224348215419492,-0.4548588261473421,-0.26521008924493966,-0.5089133578079825,-0.3541213482133634,1.2320655873413524,-0.6413192049055175,0.473049916791266
-0.6624861172174864,-0.950456297189966,-1.288097321469707,0.0,0.0,0.473049916791266,-1.3169567191065923,-0.4224348215419492,-0.4548588261473421,-0.26521008924493966,-0.5089133578079825,-0.3541213482133634,-0.8116451025613649,1.5592859099663565,0.473049916791266
0.6120094922405015,-0.4494003807404822,0.6966839829059006,0.0,0.0,0.473049916791266,0.7593263966019993,2.3672290943011114,-0.4548588261473421,-0.26521008924493966,-0.5089133578079825,-0.3541213482133634,-0.8116451025613649,-0.6413192049055175,0.473049916791266
-0.8380786029227036,2.399626865117629,1.0534985994228638,0.0,0.0,0.473049916791266,0.7593263966019993,-0.4224348215419492,2.1984843263788196,-0.26521008924493966,-0.5089133578079825,2.8238907511373337,-0.8116451025613649,-0.6413192049055175,0.473049916791266
0.03724730179399473,-0.950456297189966,-1.288097321469707,0.0,0.0,-2.1139418156609704,-1.3169567191065923,-0.4224348215419492,-0.4548588261473421,-0.26521008924493966,-0.5089133578079825,-0.3541213482133634,1.2320655873413524,-0.6413192049055175,0.473049916791266
-0.7605648029267069,0.20532239380615425,0.9865958588259331,0.0,0.0,0.473049916791266,0.7593263966019993,-0.4224348215419492,-0.4548588261473421,3.7705956166563164,1.9649710204252657,-0.3541213482133634,-0.8116451025613649,-0.6413192049055175,-2.1139418156609704
-0.9024097838717622,-0.950456297189966,-1.8456201597774617,0.0,0.0,-2.1139418156609704,-1.3169567191065923,-0.4224348215419492,-0.4548588261473421,-0.26521008924493966,-0.5089133578079825,-0.3541213482133634,-0.8116451025613649,-0.6413192049055175,-2.1139418156609704
0.2450053779737412,-0.05540146969517597,0.6520821558412803,0.0,0.0,0.473049916791266,0.7593263966019993,2.3672290943011114,-0.4548588261473421,-0.26521008924493966,1.9649710204252657,-0.3541213482133634,-0.8116451025613649,1.5592859099663565,0.473049916791266
-0.4832024981791265,-0.950456297189966,-1.2211945808727762,0.0,0.0,0.473049916791266,0.7593263966019993,-0.4224348215419492,-0.4548588261473421,3.7705956166563164,1.9649710204252657,-0.3541213482133634,1.2320655873413524,-0.6413192049055175,0.473049916791266
-0.7943123076868688,0.7464336524136636,-0.08384799072495623,0.0,0.0,0.473049916791266,0.7593263966019993,-0.4224348215419492,2.1984843263788196,-0.26521008924493966,-0.5089133578079825,-0.3541213482133634,-0.8116451025613649,-0.6413192049055175,0.473049916791266
-0.8386059076845812,0.839653357799614,0.6966839829059006,0.0,0.0,0.473049916791266,0.7593263966019993,-0.4224348215419492,-0.4548588261473421,-0.26521008924493966,-0.5089133578079825,-0.3541213482133634,1.2320655873413524,-0.6413192049055175,0.473049916791266
-0.5306599267481041,0.62845246278457,-0.06154707719264603,0.0,0.0,0.473049916791266,0.7593263966019993,-0.4224348215419492,2.1984843263788196,-0.26521008924493966,1.9649710204252657,-0.3541213482133634,-0.8116451025613649,1.5592859099663565,0.473049916791266
2.6331686445170708,-0.950456297189966,2.213146103102994,0.0,0.0,0.473049916791266,0.7593263966019993,-0.4224348215419492,-0.4548588261473421,-0.26521008924493966,-0.5089133578079825,-0.3541213482133634,1.2320655873413524,-0.6413192049055175,0.473049916791266
-0.7505460124510338,0.5665487521767123,-0.7528753966942621,0.0,0.0,0.473049916791266,0.7593263966019993,-0.4224348215419492,-0.4548588261473421,3.7705956166563164,-0.5089133578079825,-0.3541213482133634,-0.8116451025613649,-0.6413192049055175,0.473049916791266
-0.8786810695872734,-0.5826754282844583,0.027656576936594755,0.0,0.0,-2.1139418156609704,0.7593263966019993,-0.4224348215419492,-0.4548588261473421,-0.26521008924493966,-0.5089133578079825,-0.3541213482133634,1.2320655873413524,-0.6413192049055175,0.473049916791266
2.237690073108924,1.3560031321639803,0.8081885505674516,0.0,0.0,0.473049916791266,0.7593263966019993,-0.4224348215419492,2.1984843263788196,-0.26521008924493966,-0.5089133578079825,-0.3541213482133634,-0.8116451025613649,-0.6413192049055175,0.473049916791266
-0.11303455534110109,-0.950456297189966,-1.3773009755989476,0.0,0.0,0.473049916791266,0.7593263966019993,2.3672290943011114,-0.4548588261473421,-0.26521008924493966,-0.5089133578079825,-0.3541213482133634,-0.8116451025613649,1.5592859099663565,-2.1139418156609704
0.5682431970046665,1.3560031321639803,1.5887205241983084,0.0,0.0,0.473049916791266,0.7593263966019993,-0.4224348215419492,-0.4548588261473421,3.7705956166563164,-0.5089133578079825,-0.3541213482133634,1.2320655873413524,-0.6413192049055175,0.473049916791266
0.33411988273104365,-0.950456297189966,-1.0650881861466048,0.0,0.0,-2.1139418156609704,-1.3169567191065923,2.3672290943011114,-0.4548588261473421,-0.26521008924493966,-0.5089133578079825,-0.3541213482133634,1.2320655873413524,-0.6413192049055175,-2.1139418156609704
0.48018330177111923,1.7201426063278495,2.3915534113614756,0.0,0.0,0.473049916791266,0.7593263966019993,-0.4224348215419492,2.1984843263788196,-0.26521008924493966,-0.5089133578079825,-0.3541213482133634,1.2320655873413524,-0.6413192049055175,0.473049916791266
0.3483571113017369,0.7486184892586468,0.027656576936594755,0.0,0.0,0.473049916791266,0.7593263966019993,-0.4224348215419492,-0.4548588261473421,-0.26521008924493966,-0.5089133578079825,-0.3541213482133634,-0.8116451025613649,1.5592859099663565,0.473049916791266
1.4409325779119773,-0.950456297189966,0.2729666257920069,0.0,0.0,0.473049916791266,-1.3169567191065923,-0.4224348215419492,-0.4548588261473421,-0.26521008924493966,-0.5089133578079825,2.8238907511373337,-0.8116451025613649,-0.6413192049055175,0.473049916791266
1.1213858922141946,-0.950456297189966,0.09455931753352534,0.0,0.0,0.473049916791266,-1.3169567191065923,-0.4224348215419492,-0.4548588261473421,-0.26521008924493966,1.9649710204252657,-0.3541213482133634,-0.8116451025613649,-0.6413192049055175,-2.1139418156609704
1.1788621112588453,-0.950456297189966,1.0311976858905536,0.0,0.0,0.473049916791266,0.7593263966019993,2.3672290943011114,-0.4548588261473421,-0.26521008924493966,-0.5089133578079825,-0.3541213482133634,1.2320655873413524,-0.6413192049055175,0.473049916791266
0.5777346827184621,-0.950456297189966,0.5851794152443497,0.0,0.0,0.473049916791266,0.7593263966019993,-0.4224348215419492,2.1984843263788196,-0.26521008924493966,-0.5089133578079825,-0.3541213482133634,1.2320655873413524,-0.6413192049055175,0.473049916791266
-0.698870145787036,0.11210268842020378,-0.4183616937096092,0.0,0.0,-2.1139418156609704,-1.3169567191065923,-0.4224348215419492,-0.4548588261473421,-0.26521008924493966,-0.5089133578079825,-0.3541213482133634,-0.8116451025613649,1.5592859099663565,0.473049916791266
2.4575761588118534,2.688025328655413,0.027656576936594755,0.0,0.0,0.473049916791266,0.7593263966019993,-0.4224348215419492,-0.4548588261473421,3.7705956166563164,-0.5089133578079825,-0.3541213482133634,-0.8116451025613649,-0.6413192049055175,0.473049916791266
0.6863594636652331,-0.950456297189966,0.027656576936594755,0.0,0.0,0.473049916791266,0.7593263966019993,-0.4224348215419492,2.1984843263788196,-0.26521008924493966,-0.5089133578079825,-0.3541213482133634,-0.8116451025613649,1.5592859099663565,0.473049916791266
-0.3988337362787219,0.8702410736293791,-0.016945250128025637,0.0,0.0,0.473049916791266,0.7593263966019993,-0.4224348215419492,-0.4548588261473421,-0.26521008924493966,-0.5089133578079825,-0.3541213482133634,1.2320655873413524,-0.6413192049055175,0.473049916791266
1.0074880636486483,-0.950456297189966,0.6074803287766598,0.0,0.0,-2.1139418156609704,-1.3169567191065923,-0.4224348215419492,-0.4548588261473421,-0.26521008924493966,-0.5089133578079825,-0.3541213482133634,-0.8116451025613649,1.5592859099663565,0.473049916791266
1.6228527207597248,-0.950456297189966,-0.016945250128025637,0.0,0.0,0.473049916791266,-1.3169567191065923,-0.4224348215419492,-0.4548588261473421,-0.26521008924493966,-0.5089133578079825,2.8238907511373337,-0.8116451025613649,1.5592859099663565,0.473049916791266
0.25133303511627153,-0.950456297189966,-0.6413708290327111,0.0,0.0,0.473049916791266,0.7593263966019993,-0.4224348215419492,2.1984843263788196,-0.26521008924493966,-0.5089133578079825,-0.3541213482133634,-0.8116451025613649,1.5592859099663565,-2.1139418156609704
-0.9192835362518431,0.21479002013441484,0.07225840400121515,0.0,0.0,0.473049916791266,-1.3169567191065923,-0.4224348215419492,-0.4548588261473421,-0.26521008924493966,1.9649710204252657,-0.3541213482133634,1.2320655873413524,-0.6413192049055175,0.473049916791266
-0.926138498156251,0.8097939209181768,0.16146205813045594,0.0,0.0,0.473049916791266,0.7593263966019993,-0.4224348215419492,-0.4548588261473421,-0.26521008924493966,-0.5089133578079825,-0.3541213482133634,-0.8116451025613649,1.5592859099663565,0.473049916791266
0.7375080255673534,-0.950456297189966,-0.08384799072495623,0.0,0.0,0.473049916791266,0.7593263966019993,-0.4224348215419492,-0.4548588261473421,-0.26521008924493966,-0.5089133578079825,-0.3541213482133634,-0.8116451025613649,-0.6413192049055175,0.473049916791266
2.6774622445147833,-0.950456297189966,1.2542068212136555,0.0,0.0,0.473049916791266,-1.3169567191065923,-0.4224348215419492,-0.4548588261473421,3.7705956166563164,-0.5089133578079825,-0.3541213482133634,-0.8116451025613649,-0.6413192049055175,0.473049916791266
-0.5216957457961862,0.06913423046886724,-0.3514589531126786,0.0,0.0,0.473049916791266,0.7593263966019993,-0.4224348215419492,2.1984843263788196,-0.26521008924493966,-0.5089133578079825,-0.3541213482133634,-0.8116451025613649,1.5592859099663565,0.473049916791266
-0.5570251648419806,0.11210268842020378,-0.7528753966942621,0.0,0.0,0.473049916791266,0.7593263966019993,-0.4224348215419492,-0.4548588261473421,-0.26521008924493966,-0.5089133578079825,-0.3541213482133634,-0.8116451025613649,1.5592859099663565,0.473049916791266
-0.0987973267704078,0.2628564307240456,-0.44066260724191936,0.0,0.0,0.473049916791266,-1.3169567191065923,-0.4224348215419492,-0.4548588261473421,-0.26521008924493966,1.9649710204252657,-0.3541213482133634,-0.8116451025613649,-0.6413192049055175,0.473049916791266
-1.1212412600509367,-0.950456297189966,-1.6895137650512904,0.0,0.0,-2.1139418156609704,-1.3169567191065923,-0.4224348215419492,-0.4548588261473421,-0.26521008924493966,1.9649710204252657,-0.3541213482133634,1.2320655873413524,-0.6413192049055175,0.473049916791266
1.7673342255141677,-0.950456297189966,1.4549150430044473,0.0,0.0,-2.1139418156609704,-1.3169567191065923,-0.4224348215419492,-0.4548588261473421,-0.26521008924493966,-0.5089133578079825,2.8238907511373337,-0.8116451025613649,-0.6413192049055175,-2.1139418156609704
0.2413142446405985,-0.950456297189966,-0.3068571260480582,0.0,0.0,-2.1139418156609704,-1.3169567191065923,-0.4224348215419492,-0.4548588261473421,-0.26521008924493966,-0.5089133578079825,-0.3541213482133634,1.2320655873413524,-0.6413192049055175,0.473049916791266
-1.0136710886279208,0.7974131787966052,-0.3068571260480582,0.0,0.0,0.473049916791266,0.7593263966019993,-0.4224348215419492,-0.4548588261473421,-0.26521008924493966,1.9649710204252657,-0.3541213482133634,-0.8116451025613649,1.5592859099663565,0.473049916791266
-0.9894150695815546,-0.950456297189966,-1.3996018891312578,0.0,0.0,-2.1139418156609704,-1.3169567191065923,-0.4224348215419492,-0.4548588261473421,-0.26521008924493966,1.9649710204252657,-0.3541213482133634,-0.8116451025613649,-0.6413192049055175,0.473049916791266
-0.11725299343612132,-0.950456297189966,-1.4888055432604985,0.0,0.0,-2.1139418156609704,-1.3169567191065923,2.3672290943011114,-0.4548588261473421,-0.26521008924493966,1.9649710204252657,2.8238907511373337,1.2320655873413524,-0.6413192049055175,-2.1139418156609704
-0.9683228791064533,0.5301348047603254,-0.4183616937096092,0.0,0.0,0.473049916791266,0.7593263966019993,-0.4224348215419492,-0.4548588261473421,-0.26521008924493966,1.9649710204252657,-0.3541213482133634,-0.8116451025613649,-0.6413192049055175,0.473049916791266
-0.5770627457933267,-0.950456297189966,-1.533407370325119,0.0,0.0,-2.1139418156609704,-1.3169567191065923,-0.4224348215419492,-0.4548588261473421,-0.26521008924493966,-0.5089133578079825,-0.3541213482133634,-0.8116451025613649,1.5592859099663565,0.473049916791266
-0.7853481267349507,-0.950456297189966,0.6966839829059006,0.0,0.0,-2.1139418156609704,-1.3169567191065923,2.3672290943011114,-0.4548588261473421,-0.26521008924493966,-0.5089133578079825,-0.3541213482133634,-0.8116451025613649,1.5592859099663565,-2.1139418156609704
-1.615853126692059,1.0690612265228516,-0.3737598666449888,0.0,0.0,0.473049916791266,0.7593263966019993,-0.4224348215419492,-0.4548588261473421,-0.26521008924493966,-0.5089133578079825,-0.3541213482133634,-0.8116451025613649,-0.6413192049055175,0.473049916791266
-0.4447092505620669,0.08151497259043879,0.20606388519507632,0.0,0.0,0.473049916791266,0.7593263966019993,-0.4224348215419492,-0.4548588261473421,-0.26521008924493966,-0.5089133578079825,-0.3541213482133634,1.2320655873413524,-0.6413192049055175,0.473049916791266
0.9173189493675908,-0.950456297189966,0.20606388519507632,0.0,0.0,0.473049916791266,0.7593263966019993,-0.4224348215419492,-0.4548588261473421,-0.26521008924493966,-0.5089133578079825,-0.3541213482133634,-0.8116451025613649,-0.6413192049055175,0.473049916791266
-1.1966458409994234,0.30145521498541566,-0.6413708290327111,0.0,0.0,0.473049916791266,0.7593263966019993,-0.4224348215419492,-0.4548588261473421,-0.26521008924493966,-0.5089133578079825,-0.3541213482133634,-0.8116451025613649,1.5592859099663565,0.473049916791266
-0.7505460124510338,2.1811431806193076,-0.17305164485419702,0.0,0.0,0.473049916791266,0.7593263966019993,-0.4224348215419492,-0.4548588261473421,-0.26521008924493966,-0.5089133578079825,-0.3541213482133634,-0.8116451025613649,-0.6413192049055175,0.473049916791266
0.2724252255913727,-0.950456297189966,-1.0650881861466048,0.0,0.0,-2.1139418156609704,-1.3169567191065923,2.3672290943011114,-0.4548588261473421,-0.26521008924493966,1.9649710204252657,-0.3541213482133634,-0.8116451025613649,-0.6413192049055175,-2.1139418156609704
0.973213254126609,-0.950456297189966,0.09455931753352534,0.0,0.0,0.473049916791266,0.7593263966019993,-0.4224348215419492,2.1984843263788196,-0.26521008924493966,-0.5089133578079825,-0.3541213482133634,1.2320655873413524,-0.6413192049055175,0.473049916791266
-0.6166106029341414,-0.9387164399311685,-0.9312827049527437,0.0,0.0,0.473049916791266,0.7593263966019993,-0.4224348215419492,-0.4548588261473421,-0.26521008924493966,-0.5089133578079825,-0.3541213482133634,-0.8116451025613649,-0.6413192049055175,0.473049916791266
2.3911357588152846,-0.950456297189966,0.4736748475827987,0.0,0.0,-2.1139418156609704,-1.3169567191065923,2.3672290943011114,-0.4548588261473421,-0.26521008924493966,-0.5089133578079825,2.8238907511373337,1.2320655873413524,-0.6413192049055175,0.473049916791266
-0.8776264600635183,0.753716441896941,0.3175684528566273,0.0,0.0,0.473049916791266,0.7593263966019993,-0.4224348215419492,-0.4548588261473421,-0.26521008924493966,-0.5089133578079825,-0.3541213482133634,1.2320655873413524,-0.6413192049055175,0.473049916791266
-0.17894765057579223,-0.950456297189966,-0.6413708290327111,0.0,0.0,0.473049916791266,-1.3169567191065923,-0.4224348215419492,-0.4548588261473421,-0.26521008924493966,-0.5089133578079825,-0.3541213482133634,-0.8116451025613649,1.5592859099663565,0.473049916791266
-1.1407515362404055,0.3975880361646771,-1.756416505648221,0.0,0.0,0.473049916791266,-1.3169567191065923,-0.4224348215419492,-0.4548588261473421,-0.26521008924493966,-0.5089133578079825,-0.3541213482133634,1.2320655873413524,-0.6413192049055175,0.473049916791266
-0.9894150695815546,-0.13114248032126072,0.39366278619322626,0.0,0.0,0.473049916791266,0.7593263966019993,-0.4224348215419492,-0.4548588261473421,-0.26521008924493966,-0.5089133578079825,-0.3541213482133634,-0.8116451025613649,1.5592859099663565,0.473049916791266
1.6096701017127866,-0.950456297189966,0.20606388519507632,0.0,0.0,-2.1139418156609704,0.7593263966019993,-0.4224348215419492,-0.4548588261473421,-0.26521008924493966,1.9649710204252657,2.8238907511373337,-0.8116451025613649,-0.6413192049055175,0.473049916791266
-0.22640507914476984,2.7375482971416996,1.298808648278276,0.0,0.0,0.473049916791266,-1.3169567191065923,-0.4224348215419492,-0.4548588261473421,-0.26521008924493966,-0.5089133578079825,-0.3541213482133634,1.2320655873413524,-0.6413192049055175,0.473049916791266
2.0098944159778314,0.3844790150947778,1.1427022535521045,0.0,0.0,0.473049916791266,0.7593263966019993,-0.4224348215419492,-0.4548588261473421,-0.26521008924493966,-0.5089133578079825,-0.3541213482133634,-0.8116451025613649,-0.6413192049055175,0.473049916791266
0.3256830065410032,0.5010036468272159,0.4290730205181783,0.0,0.0,0.473049916791266,-1.3169567191065923,-0.4224348215419492,-0.4548588261473421,3.7705956166563164,1.9649710204252657,-0.3541213482133634,1.2320655873413524,-0.6413192049055175,0.473049916791266
-0.3287022029490105,-0.069238769713403,0.027656576936594755,0.0,0.0,0.473049916791266,0.7593263966019993,2.3672290943011114,-0.4548588261473421,-0.26521008924493966,-0.5089133578079825,2.8238907511373337,-0.8116451025613649,-0.6413192049055175,0.473049916791266
0.29668124463773904,-0.950456297189966,-0.4183616937096092,0.0,0.0,0.473049916791266,0.7593263966019993,-0.4224348215419492,2.1984843263788196,-0.26521008924493966,1.9649710204252657,-0.3541213482133634,-0.8116451025613649,-0.6413192049055175,0.473049916791266
-0.29020895533195085,0.05165553570900152,-1.64491193798667,0.0,0.0,0.473049916791266,0.7593263966019993,-0.4224348215419492,-0.4548588261473421,-0.26521008924493966,-0.5089133578079825,-0.3541213482133634,-0.8116451025613649,-0.6413192049055175,-2.1139418156609704
1.5796137302857676,-0.950456297189966,-0.9981854455496743,0.0,0.0,0.473049916791266,-1.3169567191065923,-0.4224348215419492,-0.4548588261473421,-0.26521008924493966,-0.5089133578079825,2.8238907511373337,1.2320655873413524,-0.6413192049055175,0.473049916791266
-0.12147143153114155,-0.950456297189966,-0.730574483161952,0.0,0.0,0.473049916791266,0.7593263966019993,-0.4224348215419492,2.1984843263788196,-0.26521008924493966,-0.5089133578079825,-0.3541213482133634,1.2320655873413524,-0.6413192049055175,0.473049916791266
0.11159727321872634,-0.950456297189966,-0.2399543854511276,0.0,0.0,0.473049916791266,0.7593263966019993,-0.4224348215419492,-0.4548588261473421,-0.26521008924493966,-0.5089133578079825,-0.3541213482133634,-0.8116451025613649,1.5592859099663565,0.473049916791266
-0.20109445057464845,0.920492321063993,0.9865958588259331,0.0,0.0,0.473049916791266,0.7593263966019993,-0.4224348215419492,-0.4548588261473421,-0.26521008924493966,-0.5089133578079825,-0.3541213482133634,-0.8116451025613649,1.5592859099663565,-2.1139418156609704
0.13954442559823538,-0.950456297189966,0.16146205813045594,0.0,0.0,0.473049916791266,-1.3169567191065923,-0.4224348215419492,2.1984843263788196,-0.26521008924493966,-0.5089133578079825,-0.3541213482133634,-0.8116451025613649,-0.6413192049055175,0.473049916791266
2.2382173778708014,-0.950456297189966,0.6966839829059006,0.0,0.0,0.473049916791266,0.7593263966019993,-0.4224348215419492,-0.4548588261473421,-0.26521008924493966,-0.5089133578079825,-0.3541213482133634,1.2320655873413524,-0.6413192049055175,-2.1139418156609704
-0.5665166505557762,0.6430180417511248,0.5405775881797292,0.0,0.0,0.473049916791266,0.7593263966019993,-0.4224348215419492,-0.4548588261473421,-0.26521008924493966,-0.5089133578079825,-0.3541213482133634,-0.8116451025613649,-0.6413192049055175,0.473049916791266
0.5808985112897272,-0.950456297189966,0.07225840400121515,0.0,0.0,-2.1139418156609704,-1.3169567191065923,2.3672290943011114,-0.4548588261473421,-0.26521008924493966,1.9649710204252657,-0.3541213482133634,1.2320655873413524,-0.6413192049055175,0.473049916791266
1.0074880636486483,-0.950456297189966,0.2506657122596967,0.0,0.0,0.473049916791266,-1.3169567191065923,-0.4224348215419492,-0.4548588261473421,-0.26521008924493966,-0.5089133578079825,-0.3541213482133634,-0.8116451025613649,-0.6413192049055175,0.473049916791266
-2.0456065076222454,1.1739333950820459,-0.6859726560973315,0.0,0.0,-2.1139418156609704,0.7593263966019993,-0.4224348215419492,2.1984843263788196,-0.26521008924493966,1.9649710204252657,-0.3541213482133634,1.2320655873413524,-0.6413192049055175,0.473049916791266
0.12847102559880727,0.8345554051613199,-0.4183616937096092,0.0,0.0,0.473049916791266,0.7593263966019993,-0.4224348215419492,-0.4548588261473421,-0.26521008924493966,-0.5089133578079825,-0.3541213482133634,-0.8116451025613649,1.5592859099663565,-2.1139418156609704
-0.33713907913905095,0.5636356363834013,0.7412858099705211,0.0,0.0,0.473049916791266,0.7593263966019993,2.3672290943011114,-0.4548588261473421,-0.26521008924493966,-0.5089133578079825,2.8238907511373337,1.2320655873413524,-0.6413192049055175,0.473049916791266
0.3172461303509627,-0.950456297189966,-0.6413708290327111,0.0,0.0,0.473049916791266,0.7593263966019993,-0.4224348215419492,-0.4548588261473421,3.7705956166563164,-0.5089133578079825,-0.3541213482133634,1.2320655873413524,-0.6413192049055175,0.473049916791266
0.7607094350899647,2.4345842546373606,0.7412858099705211,0.0,0.0,0.473049916791266,-1.3169567191065923,-0.4224348215419492,2.1984843263788196,-0.26521008924493966,-0.5089133578079825,-0.3541213482133634,-0.8116451025613649,-0.6413192049055175,0.473049916791266
-0.6023733743634482,0.21697485697939806,0.39366278619322626,0.0,0.0,0.473049916791266,0.7593263966019993,-0.4224348215419492,2.1984843263788196,-0.26521008924493966,-0.5089133578079825,-0.3541213482133634,-0.8116451025613649,1.5592859099663565,-2.1139418156609704
0.13743520655072528,-0.950456297189966,0.5628785017120395,0.0,0.0,-2.1139418156609704,-1.3169567191065923,-0.4224348215419492,-0.4548588261473421,-0.26521008924493966,1.9649710204252657,-0.3541213482133634,-0.8116451025613649,-0.6413192049055175,0.473049916791266
-0.5243322696055738,-0.950456297189966,-0.3514589531126786,0.0,0.0,0.473049916791266,0.7593263966019993,-0.4224348215419492,-0.4548588261473421,3.7705956166563164,1.9649710204252657,-0.3541213482133634,-0.8116451025613649,-0.6413192049055175,0.473049916791266
-1.0579646886256333,1.3436223900424087,-0.016945250128025637,0.0,0.0,0.473049916791266,0.7593263966019993,-0.4224348215419492,-0.4548588261473421,-0.26521008924493966,-0.5089133578079825,-0.3541213482133634,1.2320655873413524,-0.6413192049055175,0.473049916791266
2.237690073108924,-0.950456297189966,2.6145625466845774,0.0,0.0,0.473049916791266,0.7593263966019993,-0.4224348215419492,2.1984843263788196,-0.26521008924493966,-0.5089133578079825,-0.3541213482133634,1.2320655873413524,-0.6413192049055175,0.473049916791266
-1.1238777838603244,0.8236312209364038,0.04995749046890495,0.0,0.0,0.473049916791266,0.7593263966019993,2.3672290943011114,-0.4548588261473421,-0.26521008924493966,1.9649710204252657,-0.3541213482133634,-0.8116451025613649,-0.6413192049055175,0.473049916791266
0.26029721606818956,0.5665487521767123,0.6966839829059006,0.0,0.0,0.473049916791266,0.7593263966019993,-0.4224348215419492,2.1984843263788196,-0.26521008924493966,-0.5089133578079825,2.8238907511373337,1.2320655873413524,-0.6413192049055175,0.473049916791266
-0.8723534124447431,-0.950456297189966,-1.198893667340466,0.0,0.0,0.473049916791266,-1.3169567191065923,-0.4224348215419492,-0.4548588261473421,-0.26521008924493966,-0.5089133578079825,-0.3541213482133634,-0.8116451025613649,1.5592859099663565,-2.1139418156609704
-0.21005863152656645,-0.950456297189966,-0.4183616937096092,0.0,0.0,0.473049916791266,-1.3169567191065923,-0.4224348215419492,-0.4548588261473421,-0.26521008924493966,1.9649710204252657,-0.3541213482133634,-0.8116451025613649,-0.6413192049055175,0.473049916791266
-0.7853481267349507,0.28761791496718864,-0.48526443430653976,0.0,0.0,0.473049916791266,0.7593263966019993,-0.4224348215419492,-0.4548588261473421,-0.26521008924493966,1.9649710204252657,-0.3541213482133634,-0.8116451025613649,-0.6413192049055175,0.473049916791266
-0.6297932219810797,-0.950456297189966,-0.7528753966942621,0.0,0.0,0.473049916791266,0.7593263966019993,2.3672290943011114,-0.4548588261473421,-0.26521008924493966,-0.5089133578079825,2.8238907511373337,1.2320655873413524,-0.6413192049055175,0.473049916791266
-0.49058476484541197,-0.950456297189966,-0.6413708290327111,0.0,0.0,-2.1139418156609704,-1.3169567191065923,-0.4224348215419492,-0.4548588261473421,-0.26521008924493966,-0.5089133578079825,-0.3541213482133634,1.2320655873413524,-0.6413192049055175,0.473049916791266
0.40899715891765276,3.145384508205233,1.76712783245679,0.0,0.0,0.473049916791266,0.7593263966019993,-0.4224348215419492,2.1984843263788196,-0.26521008924493966,-0.5089133578079825,-0.3541213482133634,1.2320655873413524,-0.6413192049055175,0.473049916791266
-0.30550079342639924,2.2656235386253254,2.5476598060876467,0.0,0.0,0.473049916791266,0.7593263966019993,-0.4224348215419492,2.1984843263788196,-0.26521008924493966,-0.5089133578079825,-0.3541213482133634,-0.8116451025613649,-0.6413192049055175,0.473049916791266
-0.2670075458093396,-0.950456297189966,-0.730574483161952,0.0,0.0,0.473049916791266,-1.3169567191065923,-0.4224348215419492,-0.4548588261473421,-0.26521008924493966,-0.5089133578079825,-0.3541213482133634,-0.8116451025613649,1.5592859099663565,-2.1139418156609704
-0.8491520029221318,1.2438481741215086,1.3211095618105861,0.0,0.0,0.473049916791266,0.7593263966019993,-0.4224348215419492,-0.4548588261473421,-0.26521008924493966,-0.5089133578079825,2.8238907511373337,-0.8116451025613649,1.5592859099663565,0.473049916791266
-0.25909797438117665,-0.013161290692167161,-0.6413708290327111,0.0,0.0,0.473049916791266,-1.3169567191065923,-0.4224348215419492,-0.4548588261473421,-0.26521008924493966,1.9649710204252657,-0.3541213482133634,-0.8116451025613649,-0.6413192049055175,-2.1139418156609704
1.0417628731706878,0.509014715258821,2.7037662008138184,0.0,0.0,0.473049916791266,0.7593263966019993,2.3672290943011114,-0.4548588261473421,-0.26521008924493966,-0.5089133578079825,-0.3541213482133634,1.2320655873413524,-0.6413192049055175,0.473049916791266
-0.42519897437259835,0.5315913626569809,0.4290730205181783,0.0,0.0,0.473049916791266,0.7593263966019993,-0.4224348215419492,2.1984843263788196,-0.26521008924493966,-0.5089133578079825,-0.3541213482133634,-0.8116451025613649,1.5592859099663565,0.473049916791266
-0.3287022029490105,1.5460839376775202,0.4736748475827987,0.0,0.0,0.473049916791266,0.7593263966019993,-0.4224348215419492,-0.4548588261473421,3.7705956166563164,-0.5089133578079825,-0.3541213482133634,-0.8116451025613649,-0.6413192049055175,0.473049916791266
0.31302769225594246,0.4441978888576523,1.2542068212136555,0.0,0.0,0.473049916791266,-1.3169567191065923,-0.4224348215419492,-0.4548588261473421,-0.26521008924493966,-0.5089133578079825,-0.3541213482133634,1.2320655873413524,-0.6413192049055175,-2.1139418156609704
-0.3635043172329274,-0.950456297189966,-0.7528753966942621,0.0,0.0,-2.1139418156609704,-1.3169567191065923,-0.4224348215419492,-0.4548588261473421,-0.26521008924493966,1.9649710204252657,-0.3541213482133634,-0.8116451025613649,-0.6413192049055175,-2.1139418156609704
-1.0004884695809826,0.31820563079695363,-1.867921073309772,0.0,0.0,0.473049916791266,0.7593263966019993,-0.4224348215419492,2.1984843263788196,-0.26521008924493966,1.9649710204252657,-0.3541213482133634,1.2320655873413524,-0.6413192049055175,0.473049916791266
-0.8380786029227036,-0.950456297189966,-1.64491193798667,0.0,0.0,0.473049916791266,-1.3169567191065923,-0.4224348215419492,-0.4548588261473421,-0.26521008924493966,-0.5089133578079825,-0.3541213482133634,1.2320655873413524,-0.6413192049055175,0.473049916791266
0.8371686255622064,0.08661292522873294,-0.6413708290327111,0.0,0.0,0.473049916791266,0.7593263966019993,-0.4224348215419492,-0.4548588261473421,3.7705956166563164,-0.5089133578079825,2.8238907511373337,-0.8116451025613649,-0.6413192049055175,0.473049916791266
0.31144577797030987,0.5694618679700233,0.39366278619322626,0.0,0.0,0.473049916791266,-1.3169567191065923,-0.4224348215419492,-0.4548588261473421,-0.26521008924493966,-0.5089133578079825,-0.3541213482133634,1.2320655873413524,-0.6413192049055175,-2.1139418156609704
-0.165765031528854,-0.950456297189966,-0.4183616937096092,0.0,0.0,0.473049916791266,0.7593263966019993,-0.4224348215419492,-0.4548588261473421,-0.26521008924493966,-0.5089133578079825,-0.3541213482133634,1.2320655873413524,-0.6413192049055175,0.473049916791266
-0.743691050546626,-0.0022371064672510907,-0.7751763102265723,0.0,0.0,0.473049916791266,-1.3169567191065923,2.3672290943011114,-0.4548588261473421,-0.26521008924493966,1.9649710204252657,-0.3541213482133634,1.2320655873413524,-0.6413192049055175,0.473049916791266
1.4203676921987536,-0.950456297189966,0.027656576936594755,0.0,0.0,0.473049916791266,-1.3169567191065923,-0.4224348215419492,-0.4548588261473421,-0.26521008924493966,1.9649710204252657,-0.3541213482133634,1.2320655873413524,-0.6413192049055175,0.473049916791266
0.10105117798117576,-0.950456297189966,-0.6413708290327111,0.0,0.0,0.473049916791266,0.7593263966019993,-0.4224348215419492,-0.4548588261473421,3.7705956166563164,-0.5089133578079825,-0.3541213482133634,-0.8116451025613649,1.5592859099663565,0.473049916791266
-0.8117133648288272,0.5366893152952751,-0.06154707719264603,0.0,0.0,0.473049916791266,-1.3169567191065923,-0.4224348215419492,-0.4548588261473421,-0.26521008924493966,1.9649710204252657,-0.3541213482133634,-0.8116451025613649,-0.6413192049055175,0.473049916791266
-0.2490791839055036,-0.950456297189966,-0.48526443430653976,0.0,0.0,0.473049916791266,-1.3169567191065923,-0.4224348215419492,2.1984843263788196,-0.26521008924493966,-0.5089133578079825,-0.3541213482133634,1.2320655873413524,-0.6413192049055175,0.473049916791266
-0.618192517219774,-0.5600987808862984,-1.3996018891312578,0.0,0.0,0.473049916791266,0.7593263966019993,-0.4224348215419492,-0.4548588261473421,-0.26521008924493966,1.9649710204252657,-0.3541213482133634,-0.8116451025613649,-0.6413192049055175,-2.1139418156609704
-0.23062351723979008,-0.950456297189966,-0.7528753966942621,0.0,0.0,-2.1139418156609704,-1.3169567191065923,2.3672290943011114,-0.4548588261473421,-0.26521008924493966,-0.5089133578079825,-0.3541213482133634,1.2320655873413524,-0.6413192049055175,0.473049916791266
-0.9757051457727387,0.8877197683892448,-0.016945250128025637,0.0,0.0,0.473049916791266,0.7593263966019993,2.3672290943011114,-0.4548588261473421,-0.26521008924493966,1.9649710204252657,-0.3541213482133634,-0.8116451025613649,1.5592859099663565,0.473049916791266
-0.6967609267395258,0.46968765204912316,0.5851794152443497,0.0,0.0,0.473049916791266,0.7593263966019993,-0.4224348215419492,-0.4548588261473421,-0.26521008924493966,-0.5089133578079825,-0.3541213482133634,-0.8116451025613649,-0.6413192049055175,0.473049916791266
-0.8243686791138879,0.3480650676783909,0.3621702799212477,0.0,0.0,0.473049916791266,-1.3169567191065923,-0.4224348215419492,-0.4548588261473421,-0.26521008924493966,-0.5089133578079825,-0.3541213482133634,-0.8116451025613649,-0.6413192049055175,0.473049916791266
-0.6877967457876079,0.5177540626387539,-0.4183616937096092,0.0,0.0,0.473049916791266,0.7593263966019993,-0.4224348215419492,-0.4548588261473421,-0.26521008924493966,-0.5089133578079825,-0.3541213482133634,-0.8116451025613649,-0.6413192049055175,0.473049916791266
-0.8422970410177238,0.7792062050884118,0.39366278619322626,0.0,0.0,0.473049916791266,0.7593263966019993,2.3672290943011114,-0.4548588261473421,-0.26521008924493966,1.9649710204252657,-0.3541213482133634,-0.8116451025613649,-0.6413192049055175,0.473049916791266
-0.3988337362787219,1.4164502848751825,0.6520821558412803,0.0,0.0,0.473049916791266,0.7593263966019993,2.3672290943011114,-0.4548588261473421,-0.26521008924493966,-0.5089133578079825,-0.3541213482133634,-0.8116451025613649,1.5592859099663565,0.473049916791266
0.7269619303298028,-0.19887242251574036,-2.2916384304236654,0.0,0.0,0.473049916791266,0.7593263966019993,2.3672290943011114,-0.4548588261473421,-0.26521008924493966,-0.5089133578079825,-0.3541213482133634,1.2320655873413524,-0.6413192049055175,0.473049916791266
3.1900024730597414,-0.950456297189966,2.92677533613692,0.0,0.0,0.473049916791266,0.7593263966019993,-0.4224348215419492,-0.4548588261473421,3.7705956166563164,-0.5089133578079825,2.8238907511373337,1.2320655873413524,-0.6413192049055175,0.473049916791266
-0.10670689819857072,0.9933202158967668,0.7412858099705211,0.0,0.0,0.473049916791266,0.7593263966019993,-0.4224348215419492,-0.4548588261473421,-0.26521008924493966,-0.5089133578079825,-0.3541213482133634,1.2320655873413524,-0.6413192049055175,0.473049916791266
0.04779339703154531,0.7289549576537979,1.187304080616725,0.0,0.0,-2.1139418156609704,0.7593263966019993,-0.4224348215419492,-0.4548588261473421,-0.26521008924493966,-0.5089133578079825,-0.3541213482133634,1.2320655873413524,-0.6413192049055175,0.473049916791266
-0.21849550771660692,-0.7742127916946534,-0.4629635207742296,0.0,0.0,0.473049916791266,0.7593263966019993,-0.4224348215419492,2.1984843263788196,-0.26521008924493966,1.9649710204252657,-0.3541213482133634,1.2320655873413524,-0.6413192049055175,0.473049916791266
0.9668855969840786,0.545428662675208,1.8340305730537207,0.0,0.0,0.473049916791266,0.7593263966019993,-0.4224348215419492,-0.4548588261473421,-0.26521008924493966,-0.5089133578079825,-0.3541213482133634,-0.8116451025613649,-0.6413192049055175,0.473049916791266
0.9020271112731425,-0.950456297189966,0.07225840400121515,0.0,0.0,0.473049916791266,-1.3169567191065923,-0.4224348215419492,-0.4548588261473421,-0.26521008924493966,1.9649710204252657,2.8238907511373337,1.2320655873413524,-0.6413192049055175,0.473049916791266
-0.3988337362787219,-0.950456297189966,-1.3103982350020171,0.0,0.0,0.473049916791266,-1.3169567191065923,-0.4224348215419492,-0.4548588261473421,-0.26521008924493966,-0.5089133578079825,-0.3541213482133634,-0.8116451025613649,1.5592859099663565,0.473049916791266
-0.9024097838717622,-0.950456297189966,-2.670753960472939,0.0,0.0,-2.1139418156609704,-1.3169567191065923,-0.4224348215419492,-0.4548588261473421,-0.26521008924493966,-0.5089133578079825,-0.3541213482133634,-0.8116451025613649,1.5592859099663565,-2.1139418156609704
-0.35454013628100944,0.32403186238357556,1.2765077347459657,0.0,0.0,0.473049916791266,0.7593263966019993,2.3672290943011114,-0.4548588261473421,-0.26521008924493966,-0.5089133578079825,-0.3541213482133634,-0.8116451025613649,1.5592859099663565,0.473049916791266
1.2215737969709253,-0.950456297189966,0.4736748475827987,0.0,0.0,0.473049916791266,0.7593263966019993,-0.4224348215419492,-0.4548588261473421,3.7705956166563164,-0.5089133578079825,-0.3541213482133634,1.2320655873413524,-0.6413192049055175,-2.1139418156609704
-0.4536734315139849,1.0442997422797085,-0.4183616937096092,0.0,0.0,0.473049916791266,-1.3169567191065923,-0.4224348215419492,-0.4548588261473421,-0.26521008924493966,-0.5089133578079825,-0.3541213482133634,-0.8116451025613649,1.5592859099663565,0.473049916791266
-1.2166834219507696,0.6750623154775452,-0.48526443430653976,0.0,0.0,0.473049916791266,0.7593263966019993,2.3672290943011114,-0.4548588261473421,-0.26521008924493966,-0.5089133578079825,-0.3541213482133634,-0.8116451025613649,-0.6413192049055175,0.473049916791266
-0.47845675532222876,1.1739333950820459,0.7189848964382108,0.0,0.0,0.473049916791266,-1.3169567191065923,-0.4224348215419492,-0.4548588261473421,-0.26521008924493966,-0.5089133578079825,-0.3541213482133634,-0.8116451025613649,1.5592859099663565,0.473049916791266
1.2922326350625142,-0.950456297189966,1.7002250918598594,0.0,0.0,0.473049916791266,0.7593263966019993,-0.4224348215419492,2.1984843263788196,-0.26521008924493966,-0.5089133578079825,-0.3541213482133634,1.2320655873413524,-0.6413192049055175,0.473049916791266
-0.4868936315122692,-0.950456297189966,-2.0686292951005636,0.0,0.0,-2.1139418156609704,0.7593263966019993,-0.4224348215419492,-0.4548588261473421,-0.26521008924493966,-0.5089133578079825,-0.3541213482133634,1.2320655873413524,-0.6413192049055175,0.473049916791266
-0.945121469583842,0.15798426216485129,-0.5521671749034703,0.0,0.0,0.473049916791266,0.7593263966019993,-0.4224348215419492,-0.4548588261473421,-0.26521008924493966,-0.5089133578079825,-0.3541213482133634,-0.8116451025613649,1.5592859099663565,0.473049916791266
-1.014725698151676,-0.950456297189966,-1.3103982350020171,0.0,0.0,-2.1139418156609704,-1.3169567191065923,-0.4224348215419492,-0.4548588261473421,-0.26521008924493966,1.9649710204252657,-0.3541213482133634,1.2320655873413524,-0.6413192049055175,0.473049916791266
0.3483571113017369,-0.950456297189966,-0.7751763102265723,0.0,0.0,0.473049916791266,-1.3169567191065923,-0.4224348215419492,-0.4548588261473421,-0.26521008924493966,-0.5089133578079825,-0.3541213482133634,1.2320655873413524,-0.6413192049055175,0.473049916791266
-0.13518135533995732,-0.950456297189966,-0.4183616937096092,0.0,0.0,0.473049916791266,-1.3169567191065923,-0.4224348215419492,-0.4548588261473421,-0.26521008924493966,1.9649710204252657,-0.3541213482133634,-0.8116451025613649,-0.6413192049055175,0.473049916791266
1.209445787447742,-0.22217734886222798,1.298808648278276,0.0,0.0,0.473049916791266,0.7593263966019993,-0.4224348215419492,2.1984843263788196,-0.26521008924493966,1.9649710204252657,2.8238907511373337,-0.8116451025613649,-0.6413192049055175,-2.1139418156609704
3.097196834969296,-0.950456297189966,1.1427022535521045,0.0,0.0,0.473049916791266,0.7593263966019993,-0.4224348215419492,-0.4548588261473421,-0.26521008924493966,-0.5089133578079825,2.8238907511373337,-0.8116451025613649,-0.6413192049055175,0.473049916791266
0.8914810160355919,-0.950456297189966,1.4103132159398268,0.0,0.0,0.473049916791266,0.7593263966019993,-0.4224348215419492,2.1984843263788196,-0.26521008924493966,-0.5089133578079825,-0.3541213482133634,-0.8116451025613649,1.5592859099663565,0.473049916791266
-0.6303205267429571,1.0828985265410787,0.5851794152443497,0.0,0.0,0.473049916791266,0.7593263966019993,-0.4224348215419492,-0.4548588261473421,-0.26521008924493966,1.9649710204252657,-0.3541213482133634,-0.8116451025613649,-0.6413192049055175,0.473049916791266
0.8508785493710221,-0.950456297189966,-0.016945250128025637,0.0,0.0,0.473049916791266,0.7593263966019993,-0.4224348215419492,-0.4548588261473421,3.7705956166563164,-0.5089133578079825,-0.3541213482133634,-0.8116451025613649,1.5592859099663565,0.473049916791266
-0.21796820295472938,2.1818714595676356,0.964294945293623,0.0,0.0,0.473049916791266,-1.3169567191065923,-0.4224348215419492,-0.4548588261473421,-0.26521008924493966,-0.5089133578079825,-0.3541213482133634,-0.8116451025613649,-0.6413192049055175,0.473049916791266
-0.3635043172329274,0.8702410736293791,0.9865958588259331,0.0,0.0,0.473049916791266,0.7593263966019993,2.3672290943011114,-0.4548588261473421,-0.26521008924493966,-0.5089133578079825,-0.3541213482133634,1.2320655873413524,-0.6413192049055175,0.473049916791266
-0.053976422010817815,0.07714529890047235,0.62978124230897,0.0,0.0,0.473049916791266,0.7593263966019993,-0.4224348215419492,2.1984843263788196,-0.26521008924493966,1.9649710204252657,-0.3541213482133634,-0.8116451025613649,-0.6413192049055175,0.473049916791266
-0.45209151722835234,0.46968765204912316,-0.4629635207742296,0.0,0.0,0.473049916791266,0.7593263966019993,-0.4224348215419492,-0.4548588261473421,-0.26521008924493966,-0.5089133578079825,-0.3541213482133634,-0.8116451025613649,-0.6413192049055175,0.473049916791266
-0.627156698171692,-0.950456297189966,-1.288097321469707,0.0,0.0,-2.1139418156609704,-1.3169567191065923,-0.4224348215419492,-0.4548588261473421,-0.26521008924493966,-0.5089133578079825,-0.3541213482133634,-0.8116451025613649,-0.6413192049055175,0.473049916791266
2.100063530258889,-0.7756693495913088,2.770668941410749,0.0,0.0,0.473049916791266,0.7593263966019993,2.3672290943011114,-0.4548588261473421,-0.26521008924493966,-0.5089133578079825,-0.3541213482133634,-0.8116451025613649,1.5592859099663565,0.473049916791266
1.842211501700777,-0.950456297189966,1.298808648278276,0.0,0.0,0.473049916791266,0.7593263966019993,-0.4224348215419492,2.1984843263788196,-0.26521008924493966,-0.5089133578079825,-0.3541213482133634,-0.8116451025613649,1.5592859099663565,0.473049916791266
